Date,Time,Pred
2026/01/01,5:57,4.87
2026/01/01,11:32,2.91
2026/01/01,17:03,5.88
2026/01/02,0:24,-0.11
2026/01/02,7:02,5.17
2026/01/02,12:31,2.74
2026/01/02,18:02,6.16
2026/01/03,1:15,-0.49
2026/01/03,7:50,5.43
2026/01/03,13:22,2.54
2026/01/03,18:55,6.41
2026/01/04,2:02,-0.64
2026/01/04,8:33,5.6
2026/01/04,14:08,2.38
2026/01/04,19:43,6.55
2026/01/05,2:46,-0.55
2026/01/05,9:12,5.69
2026/01/05,14:52,2.28
2026/01/05,20:29,6.54
2026/01/06,3:28,-0.24
2026/01/06,9:48,5.7
2026/01/06,15:36,2.24
2026/01/06,21:14,6.35
2026/01/07,4:08,0.22
2026/01/07,10:24,5.67
2026/01/07,16:21,2.24
2026/01/07,21:59,6.02
2026/01/08,4:47,0.77
2026/01/08,10:59,5.61
2026/01/08,17:08,2.25
2026/01/08,22:45,5.59
2026/01/09,5:25,1.34
2026/01/09,11:35,5.53
2026/01/09,17:59,2.23
2026/01/09,23:34,5.11
2026/01/10,6:03,1.88
2026/01/10,12:11,5.41
2026/01/10,18:55,2.17
2026/01/11,0:29,4.64
2026/01/11,6:44,2.36
2026/01/11,12:50,5.26
2026/01/11,19:57,2.05
2026/01/12,1:35,4.24
2026/01/12,7:35,2.76
2026/01/12,13:35,5.1
2026/01/12,21:06,1.86
2026/01/13,2:59,3.98
2026/01/13,8:44,3.04
2026/01/13,14:30,4.95
2026/01/13,22:15,1.57
2026/01/14,4:42,3.97
2026/01/14,10:07,3.14
2026/01/14,15:33,4.9
2026/01/14,23:16,1.2
2026/01/15,6:02,4.17
2026/01/15,11:18,3.04
2026/01/15,16:38,4.98
2026/01/16,0:08,0.82
2026/01/16,6:50,4.43
2026/01/16,12:12,2.85
2026/01/16,17:34,5.2
2026/01/17,0:52,0.47
2026/01/17,7:25,4.7
2026/01/17,12:55,2.65
2026/01/17,18:21,5.48
2026/01/18,1:29,0.22
2026/01/18,7:55,4.95
2026/01/18,13:31,2.48
2026/01/18,19:01,5.76
2026/01/19,2:03,0.08
2026/01/19,8:22,5.17
2026/01/19,14:03,2.34
2026/01/19,19:37,5.99
2026/01/20,2:34,0.06
2026/01/20,8:49,5.37
2026/01/20,14:34,2.23
2026/01/20,20:13,6.13
2026/01/21,3:03,0.17
2026/01/21,9:17,5.53
2026/01/21,15:05,2.12
2026/01/21,20:50,6.15
2026/01/22,3:33,0.38
2026/01/22,9:46,5.65
2026/01/22,15:39,1.98
2026/01/22,21:29,6.04
2026/01/23,4:03,0.69
2026/01/23,10:17,5.73
2026/01/23,16:18,1.82
2026/01/23,22:13,5.78
2026/01/24,4:34,1.09
2026/01/24,10:50,5.75
2026/01/24,17:03,1.66
2026/01/24,23:02,5.4
2026/01/25,5:09,1.56
2026/01/25,11:27,5.7
2026/01/25,17:57,1.51
2026/01/25,23:59,4.92
2026/01/26,5:49,2.07
2026/01/26,12:11,5.58
2026/01/26,19:04,1.38
2026/01/27,1:11,4.42
2026/01/27,6:40,2.59
2026/01/27,13:03,5.4
2026/01/27,20:29,1.2
2026/01/28,2:45,4.08
2026/01/28,8:04,3.04
2026/01/28,14:10,5.23
2026/01/28,22:00,0.86
2026/01/29,4:45,4.11
2026/01/29,10:03,3.17
2026/01/29,15:31,5.19
2026/01/29,23:18,0.38
2026/01/30,6:13,4.47
2026/01/30,11:30,2.92
2026/01/30,16:53,5.39
2026/01/31,0:19,-0.1
2026/01/31,7:06,4.88
2026/01/31,12:31,2.51
2026/01/31,18:01,5.74
2026/02/01,1:10,-0.45
2026/02/01,7:45,5.23
2026/02/01,13:20,2.09
2026/02/01,18:56,6.07
2026/02/02,1:54,-0.57
2026/02/02,8:18,5.51
2026/02/02,14:02,1.74
2026/02/02,19:43,6.28
2026/02/03,2:32,-0.47
2026/02/03,8:49,5.69
2026/02/03,14:42,1.5
2026/02/03,20:25,6.31
2026/02/04,3:08,-0.16
2026/02/04,9:18,5.79
2026/02/04,15:19,1.37
2026/02/04,21:05,6.17
2026/02/05,3:41,0.3
2026/02/05,9:46,5.8
2026/02/05,15:56,1.34
2026/02/05,21:43,5.89
2026/02/06,4:12,0.84
2026/02/06,10:13,5.74
2026/02/06,16:33,1.38
2026/02/06,22:22,5.5
2026/02/07,4:41,1.4
2026/02/07,10:41,5.62
2026/02/07,17:11,1.46
2026/02/07,23:02,5.06
2026/02/08,5:09,1.91
2026/02/08,11:11,5.44
2026/02/08,17:53,1.56
2026/02/08,23:47,4.59
2026/02/09,5:37,2.38
2026/02/09,11:44,5.21
2026/02/09,18:44,1.68
2026/02/10,0:41,4.14
2026/02/10,6:06,2.78
2026/02/10,12:25,4.94
2026/02/10,19:54,1.75
2026/02/11,1:55,3.75
2026/02/11,6:54,3.13
2026/02/11,13:19,4.67
2026/02/11,21:24,1.69
2026/02/12,3:58,3.62
2026/02/12,9:13,3.32
2026/02/12,14:35,4.5
2026/02/12,22:46,1.4
2026/02/13,5:59,3.87
2026/02/13,10:57,3.16
2026/02/13,16:02,4.56
2026/02/13,23:46,1
2026/02/14,6:39,4.21
2026/02/14,11:57,2.83
2026/02/14,17:14,4.86
2026/02/15,0:32,0.6
2026/02/15,7:06,4.57
2026/02/15,12:40,2.46
2026/02/15,18:07,5.25
2026/02/16,1:09,0.29
2026/02/16,7:30,4.92
2026/02/16,13:15,2.1
2026/02/16,18:49,5.64
2026/02/17,1:41,0.11
2026/02/17,7:54,5.25
2026/02/17,13:46,1.77
2026/02/17,19:27,5.95
2026/02/18,2:11,0.08
2026/02/18,8:18,5.55
2026/02/18,14:17,1.47
2026/02/18,20:03,6.15
2026/02/19,2:39,0.22
2026/02/19,8:43,5.79
2026/02/19,14:48,1.19
2026/02/19,20:41,6.19
2026/02/20,3:07,0.49
2026/02/20,9:10,5.95
2026/02/20,15:21,0.97
2026/02/20,21:20,6.07
2026/02/21,3:36,0.89
2026/02/21,9:39,6.03
2026/02/21,15:58,0.81
2026/02/21,22:03,5.77
2026/02/22,4:06,1.36
2026/02/22,10:11,6
2026/02/22,16:40,0.76
2026/02/22,22:51,5.33
2026/02/23,4:39,1.88
2026/02/23,10:48,5.87
2026/02/23,17:31,0.82
2026/02/23,23:47,4.8
2026/02/24,5:16,2.41
2026/02/24,11:31,5.62
2026/02/24,18:37,0.97
2026/02/25,0:58,4.26
2026/02/25,6:04,2.92
2026/02/25,12:25,5.29
2026/02/25,20:07,1.07
2026/02/26,2:43,3.94
2026/02/26,7:50,3.31
2026/02/26,13:42,4.97
2026/02/26,21:48,0.94
2026/02/27,5:01,4.1
2026/02/27,10:10,3.22
2026/02/27,15:23,4.88
2026/02/27,23:09,0.57
2026/02/28,6:09,4.52
2026/02/28,11:31,2.73
2026/02/28,16:56,5.13
2026/03/01,0:08,0.2
2026/03/01,6:49,4.95
2026/03/01,12:26,2.13
2026/03/01,18:04,5.53
2026/03/02,0:55,-0.05
2026/03/02,7:21,5.33
2026/03/02,13:10,1.57
2026/03/02,18:55,5.88
2026/03/03,1:35,-0.11
2026/03/03,7:49,5.63
2026/03/03,13:48,1.12
2026/03/03,19:38,6.09
2026/03/04,2:10,0.03
2026/03/04,8:15,5.85
2026/03/04,14:23,0.82
2026/03/04,20:15,6.14
2026/03/05,2:41,0.34
2026/03/05,8:39,5.96
2026/03/05,14:56,0.67
2026/03/05,20:50,6.03
2026/03/06,3:10,0.77
2026/03/06,9:03,5.97
2026/03/06,15:27,0.66
2026/03/06,21:24,5.81
2026/03/07,3:37,1.26
2026/03/07,9:27,5.89
2026/03/07,15:57,0.76
2026/03/07,21:59,5.49
2026/03/08,4:01,1.74
2026/03/08,9:53,5.74
2026/03/08,16:29,0.93
2026/03/08,22:34,5.11
2026/03/09,4:24,2.19
2026/03/09,10:20,5.53
2026/03/09,17:04,1.16
2026/03/09,23:15,4.69
2026/03/10,4:46,2.58
2026/03/10,10:52,5.27
2026/03/10,17:46,1.43
2026/03/11,0:03,4.26
2026/03/11,5:08,2.93
2026/03/11,11:31,4.96
2026/03/11,18:47,1.69
2026/03/12,1:10,3.88
2026/03/12,5:38,3.24
2026/03/12,12:24,4.64
2026/03/12,20:24,1.82
2026/03/13,3:00,3.7
2026/03/13,8:19,3.49
2026/03/13,13:45,4.4
2026/03/13,22:03,1.66
2026/03/14,5:14,3.93
2026/03/14,10:32,3.26
2026/03/14,15:26,4.42
2026/03/14,23:10,1.31
2026/03/15,5:55,4.29
2026/03/15,11:32,2.8
2026/03/15,16:48,4.73
2026/03/15,23:58,0.95
2026/03/16,6:22,4.7
2026/03/16,12:14,2.27
2026/03/16,17:45,5.17
2026/03/17,0:36,0.67
2026/03/17,6:47,5.11
2026/03/17,12:49,1.72
2026/03/17,18:31,5.59
2026/03/18,1:10,0.53
2026/03/18,7:12,5.5
2026/03/18,13:22,1.2
2026/03/18,19:12,5.94
2026/03/19,1:40,0.54
2026/03/19,7:37,5.84
2026/03/19,13:53,0.73
2026/03/19,19:51,6.15
2026/03/20,2:10,0.72
2026/03/20,8:04,6.11
2026/03/20,14:26,0.36
2026/03/20,20:30,6.2
2026/03/21,2:40,1.04
2026/03/21,8:32,6.28
2026/03/21,15:01,0.14
2026/03/21,21:11,6.05
2026/03/22,3:10,1.47
2026/03/22,9:03,6.32
2026/03/22,15:39,0.09
2026/03/22,21:55,5.73
2026/03/23,3:42,1.95
2026/03/23,9:38,6.23
2026/03/23,16:23,0.22
2026/03/23,22:44,5.28
2026/03/24,4:17,2.44
2026/03/24,10:17,6
2026/03/24,17:16,0.51
2026/03/24,23:43,4.77
2026/03/25,4:59,2.91
2026/03/25,11:04,5.65
2026/03/25,18:25,0.88
2026/03/26,0:59,4.34
2026/03/26,6:07,3.31
2026/03/26,12:06,5.21
2026/03/26,19:57,1.14
2026/03/27,2:50,4.19
2026/03/27,8:22,3.44
2026/03/27,13:34,4.84
2026/03/27,21:32,1.15
2026/03/28,4:39,4.43
2026/03/28,10:11,3.05
2026/03/28,15:24,4.77
2026/03/28,22:47,0.97
2026/03/29,5:34,4.8
2026/03/29,11:19,2.41
2026/03/29,16:55,5.03
2026/03/29,23:43,0.77
2026/03/30,6:11,5.18
2026/03/30,12:09,1.73
2026/03/30,17:58,5.38
2026/03/31,0:28,0.67
2026/03/31,6:41,5.52
2026/03/31,12:50,1.13
2026/03/31,18:46,5.67
2026/04/01,1:07,0.69
2026/04/01,7:08,5.8
2026/04/01,13:26,0.67
2026/04/01,19:26,5.85
2026/04/02,1:40,0.84
2026/04/02,7:33,5.98
2026/04/02,13:59,0.37
2026/04/02,20:01,5.9
2026/04/03,2:10,1.11
2026/04/03,7:57,6.06
2026/04/03,14:29,0.25
2026/04/03,20:34,5.84
2026/04/04,2:38,1.46
2026/04/04,8:21,6.06
2026/04/04,14:58,0.28
2026/04/04,21:06,5.68
2026/04/05,3:04,1.85
2026/04/05,8:46,5.97
2026/04/05,15:27,0.43
2026/04/05,21:38,5.44
2026/04/06,3:27,2.24
2026/04/06,9:12,5.82
2026/04/06,15:56,0.67
2026/04/06,22:13,5.14
2026/04/07,3:50,2.6
2026/04/07,9:41,5.62
2026/04/07,16:30,0.97
2026/04/07,22:53,4.81
2026/04/08,4:13,2.92
2026/04/08,10:14,5.37
2026/04/08,17:10,1.29
2026/04/08,23:41,4.48
2026/04/09,4:41,3.19
2026/04/09,10:55,5.09
2026/04/09,18:06,1.6
2026/04/10,0:45,4.21
2026/04/10,5:28,3.44
2026/04/10,11:49,4.78
2026/04/10,19:28,1.81
2026/04/11,2:11,4.11
2026/04/11,7:53,3.56
2026/04/11,13:08,4.52
2026/04/11,21:01,1.82
2026/04/12,3:41,4.26
2026/04/12,9:50,3.24
2026/04/12,14:45,4.47
2026/04/12,22:13,1.65
2026/04/13,4:39,4.57
2026/04/13,10:53,2.69
2026/04/13,16:11,4.69
2026/04/13,23:08,1.44
2026/04/14,5:19,4.95
2026/04/14,11:38,2.02
2026/04/14,17:16,5.06
2026/04/14,23:52,1.27
2026/04/15,5:52,5.35
2026/04/15,12:17,1.33
2026/04/15,18:09,5.46
2026/04/16,0:30,1.21
2026/04/16,6:23,5.75
2026/04/16,12:53,0.66
2026/04/16,18:55,5.8
2026/04/17,1:06,1.27
2026/04/17,6:54,6.09
2026/04/17,13:29,0.11
2026/04/17,19:38,6.01
2026/04/18,1:40,1.47
2026/04/18,7:25,6.35
2026/04/18,14:05,-0.26
2026/04/18,20:21,6.04
2026/04/19,2:14,1.77
2026/04/19,7:59,6.5
2026/04/19,14:44,-0.41
2026/04/19,21:05,5.9
2026/04/20,2:49,2.14
2026/04/20,8:34,6.5
2026/04/20,15:27,-0.32
2026/04/20,21:52,5.61
2026/04/21,3:27,2.54
2026/04/21,9:14,6.35
2026/04/21,16:15,-0.01
2026/04/21,22:45,5.24
2026/04/22,4:11,2.92
2026/04/22,9:59,6.05
2026/04/22,17:12,0.42
2026/04/22,23:47,4.88
2026/04/23,5:10,3.25
2026/04/23,10:53,5.63
2026/04/23,18:21,0.87
2026/04/24,1:03,4.66
2026/04/24,6:41,3.41
2026/04/24,12:02,5.17
2026/04/24,19:41,1.22
2026/04/25,2:30,4.66
2026/04/25,8:28,3.22
2026/04/25,13:33,4.81
2026/04/25,21:01,1.4
2026/04/26,3:45,4.85
2026/04/26,9:52,2.71
2026/04/26,15:14,4.72
2026/04/26,22:09,1.46
2026/04/27,4:37,5.11
2026/04/27,10:54,2.06
2026/04/27,16:39,4.87
2026/04/27,23:05,1.47
2026/04/28,5:17,5.38
2026/04/28,11:43,1.42
2026/04/28,17:42,5.09
2026/04/28,23:51,1.5
2026/04/29,5:51,5.63
2026/04/29,12:24,0.85
2026/04/29,18:31,5.31
2026/04/30,0:32,1.57
2026/04/30,6:22,5.82
2026/04/30,13:01,0.43
2026/04/30,19:11,5.46
2026/05/01,1:08,1.69
2026/05/01,6:50,5.94
2026/05/01,13:34,0.17
2026/05/01,19:46,5.53
2026/05/02,1:40,1.88
2026/05/02,7:17,6
2026/05/02,14:05,0.07
2026/05/02,20:19,5.53
2026/05/03,2:09,2.11
2026/05/03,7:44,6
2026/05/03,14:35,0.13
2026/05/03,20:51,5.45
2026/05/04,2:37,2.38
2026/05/04,8:12,5.94
2026/05/04,15:05,0.3
2026/05/04,21:24,5.3
2026/05/05,3:03,2.66
2026/05/05,8:41,5.83
2026/05/05,15:36,0.55
2026/05/05,22:00,5.11
2026/05/06,3:29,2.93
2026/05/06,9:13,5.68
2026/05/06,16:11,0.84
2026/05/06,22:41,4.91
2026/05/07,3:59,3.17
2026/05/07,9:50,5.48
2026/05/07,16:52,1.14
2026/05/07,23:28,4.74
2026/05/08,4:40,3.36
2026/05/08,10:34,5.24
2026/05/08,17:42,1.41
2026/05/09,0:24,4.63
2026/05/09,5:46,3.46
2026/05/09,11:29,4.96
2026/05/09,18:43,1.64
2026/05/10,1:25,4.63
2026/05/10,7:24,3.38
2026/05/10,12:40,4.7
2026/05/10,19:52,1.79
2026/05/11,2:26,4.75
2026/05/11,8:55,3.01
2026/05/11,14:04,4.56
2026/05/11,21:02,1.87
2026/05/12,3:21,4.96
2026/05/12,10:03,2.41
2026/05/12,15:29,4.62
2026/05/12,22:05,1.9
2026/05/13,4:09,5.23
2026/05/13,10:56,1.69
2026/05/13,16:43,4.85
2026/05/13,23:00,1.91
2026/05/14,4:53,5.55
2026/05/14,11:42,0.93
2026/05/14,17:46,5.17
2026/05/14,23:48,1.95
2026/05/15,5:34,5.87
2026/05/15,12:26,0.23
2026/05/15,18:40,5.47
2026/05/16,0:33,2.03
2026/05/16,6:13,6.18
2026/05/16,13:08,-0.31
2026/05/16,19:29,5.67
2026/05/17,1:15,2.17
2026/05/17,6:53,6.42
2026/05/17,13:51,-0.63
2026/05/17,20:17,5.74
2026/05/18,1:56,2.36
2026/05/18,7:34,6.55
2026/05/18,14:35,-0.69
2026/05/18,21:04,5.67
2026/05/19,2:38,2.59
2026/05/19,8:16,6.53
2026/05/19,15:22,-0.5
2026/05/19,21:54,5.5
2026/05/20,3:24,2.83
2026/05/20,9:02,6.36
2026/05/20,16:13,-0.13
2026/05/20,22:47,5.3
2026/05/21,4:18,3.04
2026/05/21,9:52,6.04
2026/05/21,17:08,0.35
2026/05/21,23:44,5.15
2026/05/22,5:25,3.15
2026/05/22,10:51,5.62
2026/05/22,18:08,0.85
2026/05/23,0:45,5.08
2026/05/23,6:44,3.09
2026/05/23,11:59,5.17
2026/05/23,19:12,1.3
2026/05/24,1:45,5.11
2026/05/24,8:06,2.8
2026/05/24,13:19,4.79
2026/05/24,20:16,1.67
2026/05/25,2:41,5.2
2026/05/25,9:18,2.33
2026/05/25,14:47,4.58
2026/05/25,21:18,1.94
2026/05/26,3:31,5.32
2026/05/26,10:19,1.79
2026/05/26,16:10,4.56
2026/05/26,22:15,2.14
2026/05/27,4:15,5.43
2026/05/27,11:10,1.25
2026/05/27,17:19,4.67
2026/05/27,23:08,2.25
2026/05/28,4:56,5.54
2026/05/28,11:55,0.78
2026/05/28,18:13,4.82
2026/05/28,23:54,2.32
2026/05/29,5:34,5.64
2026/05/29,12:35,0.41
2026/05/29,18:57,4.98
2026/05/30,0:36,2.38
2026/05/30,6:09,5.73
2026/05/30,13:11,0.18
2026/05/30,19:34,5.1
2026/05/31,1:14,2.44
2026/05/31,6:43,5.8
2026/05/31,13:46,0.08
2026/05/31,20:09,5.17
2026/06/01,1:48,2.55
2026/06/01,7:16,5.85
2026/06/01,14:19,0.11
2026/06/01,20:42,5.19
2026/06/02,2:19,2.69
2026/06/02,7:48,5.86
2026/06/02,14:51,0.24
2026/06/02,21:15,5.17
2026/06/03,2:49,2.86
2026/06/03,8:22,5.84
2026/06/03,15:25,0.44
2026/06/03,21:51,5.13
2026/06/04,3:21,3.02
2026/06/04,8:57,5.76
2026/06/04,15:59,0.67
2026/06/04,22:29,5.09
2026/06/05,3:57,3.15
2026/06/05,9:36,5.62
2026/06/05,16:36,0.92
2026/06/05,23:10,5.08
2026/06/06,4:42,3.2
2026/06/06,10:20,5.42
2026/06/06,17:17,1.18
2026/06/06,23:53,5.1
2026/06/07,5:38,3.15
2026/06/07,11:13,5.16
2026/06/07,18:01,1.44
2026/06/08,0:38,5.15
2026/06/08,6:46,2.94
2026/06/08,12:15,4.88
2026/06/08,18:52,1.72
2026/06/09,1:25,5.23
2026/06/09,7:59,2.55
2026/06/09,13:28,4.63
2026/06/09,19:50,2.02
2026/06/10,2:14,5.33
2026/06/10,9:09,2
2026/06/10,14:50,4.51
2026/06/10,20:56,2.29
2026/06/11,3:06,5.46
2026/06/11,10:13,1.34
2026/06/11,16:13,4.57
2026/06/11,22:05,2.49
2026/06/12,3:58,5.63
2026/06/12,11:12,0.65
2026/06/12,17:29,4.79
2026/06/12,23:10,2.59
2026/06/13,4:51,5.86
2026/06/13,12:05,0.02
2026/06/13,18:33,5.07
2026/06/14,0:07,2.63
2026/06/14,5:42,6.12
2026/06/14,12:55,-0.47
2026/06/14,19:28,5.32
2026/06/15,0:59,2.63
2026/06/15,6:32,6.36
2026/06/15,13:44,-0.74
2026/06/15,20:17,5.49
2026/06/16,1:48,2.63
2026/06/16,7:21,6.51
2026/06/16,14:31,-0.76
2026/06/16,21:04,5.56
2026/06/17,2:35,2.66
2026/06/17,8:09,6.53
2026/06/17,15:18,-0.55
2026/06/17,21:50,5.56
2026/06/18,3:25,2.69
2026/06/18,8:59,6.38
2026/06/18,16:06,-0.15
2026/06/18,22:35,5.53
2026/06/19,4:18,2.71
2026/06/19,9:50,6.08
2026/06/19,16:54,0.36
2026/06/19,23:21,5.51
2026/06/20,5:17,2.68
2026/06/20,10:45,5.67
2026/06/20,17:42,0.92
2026/06/21,0:06,5.49
2026/06/21,6:20,2.57
2026/06/21,11:44,5.21
2026/06/21,18:31,1.47
2026/06/22,0:50,5.47
2026/06/22,7:26,2.35
2026/06/22,12:51,4.77
2026/06/22,19:23,1.97
2026/06/23,1:35,5.45
2026/06/23,8:32,2.06
2026/06/23,14:05,4.42
2026/06/23,20:18,2.39
2026/06/24,2:21,5.4
2026/06/24,9:35,1.7
2026/06/24,15:28,4.24
2026/06/24,21:18,2.7
2026/06/25,3:09,5.36
2026/06/25,10:33,1.32
2026/06/25,16:51,4.26
2026/06/25,22:20,2.86
2026/06/26,3:59,5.34
2026/06/26,11:25,0.96
2026/06/26,17:58,4.4
2026/06/26,23:19,2.9
2026/06/27,4:49,5.37
2026/06/27,12:12,0.63
2026/06/27,18:48,4.6
2026/06/28,0:11,2.85
2026/06/28,5:37,5.47
2026/06/28,12:54,0.38
2026/06/28,19:28,4.8
2026/06/29,0:55,2.79
2026/06/29,6:19,5.61
2026/06/29,13:32,0.22
2026/06/29,20:02,4.98
2026/06/30,1:33,2.75
2026/06/30,6:58,5.76
2026/06/30,14:07,0.17
2026/06/30,20:33,5.12
2026/07/01,2:08,2.75
2026/07/01,7:35,5.89
2026/07/01,14:40,0.22
2026/07/01,21:03,5.24
2026/07/02,2:40,2.78
2026/07/02,8:10,5.96
2026/07/02,15:12,0.35
2026/07/02,21:34,5.34
2026/07/03,3:13,2.81
2026/07/03,8:47,5.95
2026/07/03,15:43,0.56
2026/07/03,22:05,5.43
2026/07/04,3:47,2.81
2026/07/04,9:25,5.86
2026/07/04,16:14,0.81
2026/07/04,22:38,5.51
2026/07/05,4:27,2.73
2026/07/05,10:07,5.68
2026/07/05,16:46,1.11
2026/07/05,23:13,5.59
2026/07/06,5:13,2.58
2026/07/06,10:56,5.41
2026/07/06,17:22,1.45
2026/07/06,23:50,5.63
2026/07/07,6:06,2.34
2026/07/07,11:52,5.07
2026/07/07,18:01,1.85
2026/07/08,0:31,5.65
2026/07/08,7:09,2.04
2026/07/08,12:58,4.71
2026/07/08,18:49,2.28
2026/07/09,1:17,5.64
2026/07/09,8:21,1.66
2026/07/09,14:18,4.42
2026/07/09,19:52,2.71
2026/07/10,2:12,5.62
2026/07/10,9:38,1.19
2026/07/10,15:52,4.34
2026/07/10,21:17,3.04
2026/07/11,3:14,5.65
2026/07/11,10:50,0.64
2026/07/11,17:24,4.54
2026/07/11,22:45,3.13
2026/07/12,4:21,5.79
2026/07/12,11:54,0.1
2026/07/12,18:36,4.88
2026/07/12,23:57,3.01
2026/07/13,5:26,6.04
2026/07/13,12:49,-0.34
2026/07/13,19:29,5.23
2026/07/14,0:55,2.79
2026/07/14,6:25,6.32
2026/07/14,13:39,-0.59
2026/07/14,20:14,5.52
2026/07/15,1:45,2.56
2026/07/15,7:19,6.54
2026/07/15,14:25,-0.6
2026/07/15,20:53,5.72
2026/07/16,2:32,2.37
2026/07/16,8:08,6.62
2026/07/16,15:07,-0.36
2026/07/16,21:30,5.85
2026/07/17,3:17,2.24
2026/07/17,8:55,6.5
2026/07/17,15:48,0.07
2026/07/17,22:06,5.91
2026/07/18,4:03,2.16
2026/07/18,9:42,6.22
2026/07/18,16:27,0.62
2026/07/18,22:42,5.92
2026/07/19,4:52,2.12
2026/07/19,10:30,5.81
2026/07/19,17:06,1.24
2026/07/19,23:17,5.87
2026/07/20,5:42,2.08
2026/07/20,11:20,5.33
2026/07/20,17:44,1.84
2026/07/20,23:52,5.78
2026/07/21,6:37,2.04
2026/07/21,12:14,4.85
2026/07/21,18:23,2.38
2026/07/22,0:30,5.63
2026/07/22,7:37,1.98
2026/07/22,13:17,4.42
2026/07/22,19:09,2.84
2026/07/23,1:13,5.45
2026/07/23,8:43,1.86
2026/07/23,14:37,4.12
2026/07/23,20:10,3.2
2026/07/24,2:04,5.27
2026/07/24,9:52,1.66
2026/07/24,16:21,4.06
2026/07/24,21:33,3.39
2026/07/25,3:06,5.16
2026/07/25,10:57,1.38
2026/07/25,17:53,4.25
2026/07/25,22:53,3.36
2026/07/26,4:13,5.18
2026/07/26,11:52,1.04
2026/07/26,18:44,4.52
2026/07/26,23:54,3.18
2026/07/27,5:14,5.35
2026/07/27,12:38,0.73
2026/07/27,19:19,4.81
2026/07/28,0:41,2.97
2026/07/28,6:05,5.61
2026/07/28,13:17,0.49
2026/07/28,19:47,5.09
2026/07/29,1:20,2.77
2026/07/29,6:47,5.88
2026/07/29,13:51,0.36
2026/07/29,20:13,5.35
2026/07/30,1:53,2.61
2026/07/30,7:25,6.1
2026/07/30,14:22,0.36
2026/07/30,20:38,5.58
2026/07/31,2:24,2.49
2026/07/31,8:00,6.25
2026/07/31,14:50,0.48
2026/07/31,21:03,5.78
2026/08/01,2:55,2.38
2026/08/01,8:35,6.28
2026/08/01,15:17,0.7
2026/08/01,21:30,5.94
2026/08/02,3:27,2.25
2026/08/02,9:12,6.21
2026/08/02,15:44,1.01
2026/08/02,21:58,6.05
2026/08/03,4:02,2.1
2026/08/03,9:53,6.01
2026/08/03,16:13,1.39
2026/08/03,22:29,6.11
2026/08/04,4:42,1.95
2026/08/04,10:39,5.7
2026/08/04,16:43,1.82
2026/08/04,23:03,6.11
2026/08/05,5:30,1.8
2026/08/05,11:31,5.29
2026/08/05,17:18,2.29
2026/08/05,23:42,6.04
2026/08/06,6:29,1.69
2026/08/06,12:35,4.83
2026/08/06,18:00,2.79
2026/08/07,0:29,5.9
2026/08/07,7:45,1.57
2026/08/07,13:58,4.44
2026/08/07,19:01,3.28
2026/08/08,1:29,5.73
2026/08/08,9:16,1.33
2026/08/08,15:49,4.34
2026/08/08,20:55,3.6
2026/08/09,2:46,5.64
2026/08/09,10:40,0.92
2026/08/09,17:36,4.63
2026/08/09,22:45,3.51
2026/08/10,4:10,5.75
2026/08/10,11:48,0.44
2026/08/10,18:37,5.07
2026/08/10,23:58,3.13
2026/08/11,5:25,6.07
2026/08/11,12:42,0.05
2026/08/11,19:20,5.5
2026/08/12,0:52,2.67
2026/08/12,6:27,6.43
2026/08/12,13:28,-0.15
2026/08/12,19:55,5.86
2026/08/13,1:38,2.24
2026/08/13,7:18,6.69
2026/08/13,14:09,-0.1
2026/08/13,20:27,6.13
2026/08/14,2:20,1.91
2026/08/14,8:04,6.78
2026/08/14,14:47,0.18
2026/08/14,20:58,6.31
2026/08/15,3:00,1.7
2026/08/15,8:46,6.68
2026/08/15,15:21,0.64
2026/08/15,21:27,6.38
2026/08/16,3:39,1.62
2026/08/16,9:27,6.41
2026/08/16,15:54,1.21
2026/08/16,21:55,6.36
2026/08/17,4:18,1.65
2026/08/17,10:08,6.01
2026/08/17,16:25,1.81
2026/08/17,22:25,6.25
2026/08/18,4:59,1.75
2026/08/18,10:50,5.55
2026/08/18,16:55,2.38
2026/08/18,22:55,6.07
2026/08/19,5:43,1.9
2026/08/19,11:36,5.08
2026/08/19,17:24,2.89
2026/08/19,23:29,5.83
2026/08/20,6:36,2.06
2026/08/20,12:31,4.63
2026/08/20,17:56,3.32
2026/08/21,0:10,5.56
2026/08/21,7:44,2.17
2026/08/21,13:45,4.27
2026/08/21,18:46,3.68
2026/08/22,1:03,5.3
2026/08/22,9:09,2.15
2026/08/22,15:51,4.16
2026/08/22,20:53,3.88
2026/08/23,2:17,5.12
2026/08/23,10:28,1.92
2026/08/23,17:48,4.41
2026/08/23,22:36,3.74
2026/08/24,3:43,5.15
2026/08/24,11:29,1.57
2026/08/24,18:26,4.75
2026/08/24,23:39,3.42
2026/08/25,4:56,5.4
2026/08/25,12:15,1.21
2026/08/25,18:52,5.1
2026/08/26,0:23,3.05
2026/08/26,5:50,5.76
2026/08/26,12:53,0.94
2026/08/26,19:15,5.45
2026/08/27,1:00,2.69
2026/08/27,6:33,6.11
2026/08/27,13:25,0.79
2026/08/27,19:38,5.79
2026/08/28,1:32,2.36
2026/08/28,7:11,6.39
2026/08/28,13:54,0.78
2026/08/28,20:00,6.09
2026/08/29,2:01,2.07
2026/08/29,7:46,6.58
2026/08/29,14:21,0.92
2026/08/29,20:24,6.34
2026/08/30,2:31,1.82
2026/08/30,8:22,6.63
2026/08/30,14:47,1.19
2026/08/30,20:49,6.52
2026/08/31,3:01,1.61
2026/08/31,8:59,6.55
2026/08/31,15:13,1.56
2026/08/31,21:16,6.63
2026/09/01,3:35,1.47
2026/09/01,9:39,6.31
2026/09/01,15:40,2
2026/09/01,21:46,6.64
2026/09/02,4:14,1.41
2026/09/02,10:24,5.94
2026/09/02,16:10,2.47
2026/09/02,22:21,6.56
2026/09/03,5:01,1.45
2026/09/03,11:17,5.47
2026/09/03,16:43,2.97
2026/09/03,23:02,6.37
2026/09/04,6:02,1.59
2026/09/04,12:23,4.97
2026/09/04,17:25,3.46
2026/09/04,23:53,6.1
2026/09/05,7:25,1.71
2026/09/05,13:55,4.62
2026/09/05,18:40,3.91
2026/09/06,1:03,5.8
2026/09/06,9:06,1.64
2026/09/06,16:06,4.66
2026/09/06,21:15,4.01
2026/09/07,2:37,5.65
2026/09/07,10:32,1.33
2026/09/07,17:33,5.07
2026/09/07,22:52,3.59
2026/09/08,4:14,5.81
2026/09/08,11:36,0.95
2026/09/08,18:18,5.53
2026/09/08,23:54,2.98
2026/09/09,5:29,6.18
2026/09/09,12:26,0.68
2026/09/09,18:53,5.96
2026/09/10,0:42,2.36
2026/09/10,6:26,6.55
2026/09/10,13:09,0.59
2026/09/10,19:23,6.32
2026/09/11,1:23,1.82
2026/09/11,7:13,6.79
2026/09/11,13:46,0.7
2026/09/11,19:51,6.59
2026/09/12,2:01,1.44
2026/09/12,7:55,6.86
2026/09/12,14:19,1.01
2026/09/12,20:18,6.75
2026/09/13,2:36,1.23
2026/09/13,8:33,6.76
2026/09/13,14:50,1.45
2026/09/13,20:44,6.78
2026/09/14,3:10,1.2
2026/09/14,9:09,6.51
2026/09/14,15:19,1.96
2026/09/14,21:09,6.71
2026/09/15,3:43,1.32
2026/09/15,9:45,6.17
2026/09/15,15:45,2.48
2026/09/15,21:36,6.55
2026/09/16,4:17,1.54
2026/09/16,10:22,5.77
2026/09/16,16:10,2.97
2026/09/16,22:05,6.32
2026/09/17,4:55,1.83
2026/09/17,11:03,5.34
2026/09/17,16:33,3.39
2026/09/17,22:37,6.04
2026/09/18,5:41,2.15
2026/09/18,11:54,4.92
2026/09/18,16:57,3.75
2026/09/18,23:18,5.74
2026/09/19,6:46,2.42
2026/09/19,13:04,4.58
2026/09/19,17:33,4.07
2026/09/20,0:12,5.42
2026/09/20,8:19,2.53
2026/09/20,15:03,4.48
2026/09/20,20:24,4.25
2026/09/21,1:33,5.2
2026/09/21,9:48,2.38
2026/09/21,17:02,4.73
2026/09/21,22:15,3.99
2026/09/22,3:11,5.21
2026/09/22,10:52,2.08
2026/09/22,17:38,5.07
2026/09/22,23:14,3.54
2026/09/23,4:31,5.48
2026/09/23,11:39,1.77
2026/09/23,18:04,5.45
2026/09/23,23:57,3.02
2026/09/24,5:28,5.86
2026/09/24,12:17,1.53
2026/09/24,18:28,5.84
2026/09/25,0:32,2.5
2026/09/25,6:13,6.23
2026/09/25,12:50,1.41
2026/09/25,18:52,6.21
2026/09/26,1:04,1.99
2026/09/26,6:53,6.54
2026/09/26,13:20,1.43
2026/09/26,19:16,6.55
2026/09/27,1:35,1.55
2026/09/27,7:30,6.74
2026/09/27,13:48,1.59
2026/09/27,19:42,6.81
2026/09/28,2:05,1.2
2026/09/28,8:08,6.79
2026/09/28,14:16,1.87
2026/09/28,20:09,7
2026/09/29,2:38,0.97
2026/09/29,8:47,6.69
2026/09/29,14:44,2.25
2026/09/29,20:38,7.08
2026/09/30,3:14,0.9
2026/09/30,9:28,6.42
2026/09/30,15:13,2.69
2026/09/30,21:11,7.03
2026/10/01,3:55,1
2026/10/01,10:15,6.03
2026/10/01,15:45,3.15
2026/10/01,21:49,6.86
2026/10/02,4:45,1.26
2026/10/02,11:11,5.56
2026/10/02,16:23,3.6
2026/10/02,22:34,6.56
2026/10/03,5:50,1.59
2026/10/03,12:22,5.14
2026/10/03,17:19,4.02
2026/10/03,23:32,6.17
2026/10/04,7:17,1.87
2026/10/04,14:03,4.95
2026/10/04,19:22,4.26
2026/10/05,0:54,5.79
2026/10/05,8:53,1.91
2026/10/05,15:55,5.14
2026/10/05,21:29,3.97
2026/10/06,2:39,5.64
2026/10/06,10:12,1.75
2026/10/06,16:59,5.53
2026/10/06,22:45,3.34
2026/10/07,4:15,5.82
2026/10/07,11:12,1.56
2026/10/07,17:40,5.93
2026/10/07,23:40,2.62
2026/10/08,5:26,6.14
2026/10/08,12:00,1.45
2026/10/08,18:14,6.3
2026/10/09,0:24,1.94
2026/10/09,6:19,6.43
2026/10/09,12:41,1.46
2026/10/09,18:44,6.61
2026/10/10,1:04,1.39
2026/10/10,7:04,6.61
2026/10/10,13:17,1.6
2026/10/10,19:11,6.82
2026/10/11,1:39,1.03
2026/10/11,7:42,6.66
2026/10/11,13:50,1.86
2026/10/11,19:38,6.92
2026/10/12,2:12,0.87
2026/10/12,8:18,6.58
2026/10/12,14:20,2.21
2026/10/12,20:03,6.92
2026/10/13,2:43,0.9
2026/10/13,8:51,6.4
2026/10/13,14:47,2.6
2026/10/13,20:29,6.82
2026/10/14,3:14,1.08
2026/10/14,9:25,6.14
2026/10/14,15:12,3
2026/10/14,20:56,6.66
2026/10/15,3:46,1.37
2026/10/15,10:00,5.82
2026/10/15,15:36,3.38
2026/10/15,21:26,6.43
2026/10/16,4:21,1.71
2026/10/16,10:40,5.48
2026/10/16,16:00,3.71
2026/10/16,21:59,6.17
2026/10/17,5:04,2.07
2026/10/17,11:29,5.16
2026/10/17,16:29,4
2026/10/17,22:41,5.87
2026/10/18,6:02,2.39
2026/10/18,12:34,4.91
2026/10/18,17:21,4.25
2026/10/18,23:36,5.55
2026/10/19,7:23,2.59
2026/10/19,14:02,4.85
2026/10/19,19:49,4.32
2026/10/20,0:54,5.29
2026/10/20,8:49,2.59
2026/10/20,15:28,5.01
2026/10/20,21:34,3.99
2026/10/21,2:28,5.22
2026/10/21,9:56,2.45
2026/10/21,16:22,5.31
2026/10/21,22:35,3.45
2026/10/22,3:52,5.38
2026/10/22,10:49,2.27
2026/10/22,16:59,5.65
2026/10/22,23:21,2.82
2026/10/23,4:57,5.69
2026/10/23,11:32,2.13
2026/10/23,17:31,6.02
2026/10/23,23:59,2.15
2026/10/24,5:49,6.03
2026/10/24,12:10,2.06
2026/10/24,18:02,6.38
2026/10/25,0:34,1.51
2026/10/25,6:34,6.33
2026/10/25,12:44,2.1
2026/10/25,18:32,6.72
2026/10/26,1:09,0.96
2026/10/26,7:16,6.54
2026/10/26,13:17,2.24
2026/10/26,19:03,6.99
2026/10/27,1:44,0.57
2026/10/27,7:57,6.6
2026/10/27,13:49,2.48
2026/10/27,19:35,7.17
2026/10/28,2:21,0.38
2026/10/28,8:39,6.51
2026/10/28,14:22,2.79
2026/10/28,20:10,7.23
2026/10/29,3:01,0.41
2026/10/29,9:24,6.26
2026/10/29,14:57,3.14
2026/10/29,20:48,7.15
2026/10/30,3:47,0.65
2026/10/30,10:14,5.93
2026/10/30,15:36,3.51
2026/10/30,21:31,6.91
2026/10/31,4:41,1.03
2026/10/31,11:12,5.59
2026/10/31,16:28,3.84
2026/10/31,22:23,6.53
2026/11/01,5:46,1.46
2026/11/01,12:24,5.35
2026/11/01,17:48,4.07
2026/11/01,23:27,6.08
2026/11/02,7:04,1.82
2026/11/02,13:48,5.31
2026/11/02,19:40,3.99
2026/11/03,0:52,5.67
2026/11/03,8:25,2.03
2026/11/03,15:06,5.47
2026/11/03,21:14,3.52
2026/11/04,2:32,5.48
2026/11/04,9:36,2.11
2026/11/04,16:05,5.74
2026/11/04,22:23,2.85
2026/11/05,4:04,5.55
2026/11/05,10:36,2.14
2026/11/05,16:49,6.03
2026/11/05,23:17,2.15
2026/11/06,5:14,5.74
2026/11/06,11:26,2.17
2026/11/06,17:27,6.29
2026/11/07,0:02,1.52
2026/11/07,6:09,5.93
2026/11/07,12:10,2.22
2026/11/07,18:01,6.49
2026/11/08,0:41,1.03
2026/11/08,6:53,6.08
2026/11/08,12:48,2.32
2026/11/08,18:32,6.63
2026/11/09,1:17,0.72
2026/11/09,7:31,6.14
2026/11/09,13:23,2.47
2026/11/09,19:02,6.69
2026/11/10,1:51,0.6
2026/11/10,8:05,6.12
2026/11/10,13:54,2.67
2026/11/10,19:30,6.69
2026/11/11,2:23,0.65
2026/11/11,8:38,6.03
2026/11/11,14:23,2.92
2026/11/11,19:59,6.62
2026/11/12,2:54,0.83
2026/11/12,9:11,5.87
2026/11/12,14:51,3.18
2026/11/12,20:29,6.51
2026/11/13,3:27,1.1
2026/11/13,9:46,5.67
2026/11/13,15:18,3.45
2026/11/13,21:01,6.35
2026/11/14,4:02,1.41
2026/11/14,10:26,5.46
2026/11/14,15:47,3.69
2026/11/14,21:37,6.14
2026/11/15,4:42,1.73
2026/11/15,11:11,5.28
2026/11/15,16:26,3.88
2026/11/15,22:20,5.88
2026/11/16,5:30,2.02
2026/11/16,12:04,5.17
2026/11/16,17:26,3.99
2026/11/16,23:12,5.59
2026/11/17,6:27,2.27
2026/11/17,13:03,5.15
2026/11/17,18:58,3.94
2026/11/18,0:19,5.29
2026/11/18,7:33,2.44
2026/11/18,14:03,5.23
2026/11/18,20:30,3.62
2026/11/19,1:39,5.09
2026/11/19,8:40,2.54
2026/11/19,14:57,5.39
2026/11/19,21:40,3.08
2026/11/20,3:03,5.07
2026/11/20,9:42,2.57
2026/11/20,15:46,5.62
2026/11/20,22:35,2.4
2026/11/21,4:19,5.22
2026/11/21,10:37,2.58
2026/11/21,16:30,5.9
2026/11/21,23:22,1.68
2026/11/22,5:23,5.49
2026/11/22,11:26,2.58
2026/11/22,17:11,6.21
2026/11/23,0:06,0.99
2026/11/23,6:17,5.77
2026/11/23,12:11,2.6
2026/11/23,17:52,6.52
2026/11/24,0:48,0.41
2026/11/24,7:06,5.99
2026/11/24,12:52,2.67
2026/11/24,18:32,6.8
2026/11/25,1:30,0.02
2026/11/25,7:52,6.1
2026/11/25,13:32,2.78
2026/11/25,19:12,7.01
2026/11/26,2:13,-0.14
2026/11/26,8:38,6.08
2026/11/26,14:12,2.94
2026/11/26,19:54,7.08
2026/11/27,2:58,-0.06
2026/11/27,9:25,5.96
2026/11/27,14:55,3.12
2026/11/27,20:38,7
2026/11/28,3:46,0.22
2026/11/28,10:15,5.79
2026/11/28,15:43,3.31
2026/11/28,21:27,6.75
2026/11/29,4:38,0.65
2026/11/29,11:08,5.63
2026/11/29,16:43,3.44
2026/11/29,22:22,6.36
2026/11/30,5:36,1.14
2026/11/30,12:06,5.53
2026/11/30,17:57,3.45
2026/11/30,23:25,5.88
2026/12/01,6:37,1.62
2026/12/01,13:05,5.51
2026/12/01,19:20,3.25
2026/12/02,0:41,5.42
2026/12/02,7:42,2.03
2026/12/02,14:04,5.57
2026/12/02,20:40,2.83
2026/12/03,2:08,5.09
2026/12/03,8:47,2.36
2026/12/03,14:59,5.66
2026/12/03,21:48,2.29
2026/12/04,3:38,4.97
2026/12/04,9:50,2.57
2026/12/04,15:49,5.76
2026/12/04,22:46,1.72
2026/12/05,4:56,5.03
2026/12/05,10:47,2.69
2026/12/05,16:36,5.86
2026/12/05,23:36,1.21
2026/12/06,5:57,5.17
2026/12/06,11:38,2.73
2026/12/06,17:18,5.96
2026/12/07,0:20,0.81
2026/12/07,6:45,5.32
2026/12/07,12:23,2.72
2026/12/07,17:58,6.05
2026/12/08,0:59,0.53
2026/12/08,7:25,5.43
2026/12/08,13:03,2.72
2026/12/08,18:34,6.14
2026/12/09,1:36,0.39
2026/12/09,7:59,5.51
2026/12/09,13:38,2.76
2026/12/09,19:08,6.21
2026/12/10,2:10,0.39
2026/12/10,8:31,5.53
2026/12/10,14:11,2.84
2026/12/10,19:42,6.24
2026/12/11,2:43,0.5
2026/12/11,9:03,5.51
2026/12/11,14:41,2.97
2026/12/11,20:15,6.24
2026/12/12,3:16,0.69
2026/12/12,9:36,5.46
2026/12/12,15:12,3.11
2026/12/12,20:49,6.17
2026/12/13,3:49,0.93
2026/12/13,10:11,5.41
2026/12/13,15:44,3.22
2026/12/13,21:25,6.03
2026/12/14,4:24,1.2
2026/12/14,10:48,5.37
2026/12/14,16:23,3.29
2026/12/14,22:06,5.82
2026/12/15,5:00,1.47
2026/12/15,11:27,5.36
2026/12/15,17:11,3.27
2026/12/15,22:53,5.55
2026/12/16,5:39,1.76
2026/12/16,12:09,5.36
2026/12/16,18:09,3.14
2026/12/16,23:49,5.22
2026/12/17,6:23,2.05
2026/12/17,12:53,5.37
2026/12/17,19:19,2.87
2026/12/18,0:55,4.9
2026/12/18,7:15,2.36
2026/12/18,13:41,5.4
2026/12/18,20:33,2.44
2026/12/19,2:13,4.67
2026/12/19,8:20,2.64
2026/12/19,14:33,5.46
2026/12/19,21:43,1.87
2026/12/20,3:39,4.62
2026/12/20,9:34,2.84
2026/12/20,15:29,5.58
2026/12/20,22:47,1.22
2026/12/21,5:01,4.78
2026/12/21,10:44,2.92
2026/12/21,16:25,5.79
2026/12/21,23:43,0.57
2026/12/22,6:09,5.06
2026/12/22,11:46,2.88
2026/12/22,17:20,6.07
2026/12/23,0:35,0
2026/12/23,7:05,5.35
2026/12/23,12:38,2.79
2026/12/23,18:12,6.39
2026/12/24,1:23,-0.39
2026/12/24,7:54,5.57
2026/12/24,13:26,2.69
2026/12/24,19:02,6.65
2026/12/25,2:10,-0.56
2026/12/25,8:38,5.7
2026/12/25,14:12,2.62
2026/12/25,19:50,6.8
2026/12/26,2:55,-0.48
2026/12/26,9:21,5.75
2026/12/26,14:58,2.57
2026/12/26,20:38,6.76
2026/12/27,3:41,-0.18
2026/12/27,10:04,5.75
2026/12/27,15:47,2.55
2026/12/27,21:27,6.54
2026/12/28,4:26,0.29
2026/12/28,10:46,5.72
2026/12/28,16:40,2.52
2026/12/28,22:19,6.14
2026/12/29,5:13,0.86
2026/12/29,11:30,5.67
2026/12/29,17:39,2.46
2026/12/29,23:15,5.64
2026/12/30,6:00,1.45
2026/12/30,12:13,5.6
2026/12/30,18:43,2.33
2026/12/31,0:18,5.11
2026/12/31,6:50,2.02
2026/12/31,12:59,5.51
2026/12/31,19:52,2.13
2025/01/01,2:24,0.04
2025/01/01,8:47,5.4
2025/01/01,14:20,2.7
2025/01/01,19:57,6.34
2025/01/02,2:58,0.01
2025/01/02,9:21,5.53
2025/01/02,14:56,2.66
2025/01/02,20:38,6.4
2025/01/03,3:35,0.16
2025/01/03,9:57,5.62
2025/01/03,15:36,2.6
2025/01/03,21:21,6.32
2025/01/04,4:12,0.43
2025/01/04,10:34,5.67
2025/01/04,16:22,2.5
2025/01/04,22:09,6.08
2025/01/05,4:53,0.82
2025/01/05,11:14,5.71
2025/01/05,17:16,2.34
2025/01/05,23:03,5.7
2025/01/06,5:36,1.29
2025/01/06,11:56,5.71
2025/01/06,18:18,2.12
2025/01/07,0:05,5.22
2025/01/07,6:24,1.81
2025/01/07,12:43,5.66
2025/01/07,19:30,1.83
2025/01/08,1:19,4.75
2025/01/08,7:22,2.33
2025/01/08,13:35,5.58
2025/01/08,20:49,1.46
2025/01/09,2:49,4.41
2025/01/09,8:37,2.76
2025/01/09,14:35,5.5
2025/01/09,22:07,1.01
2025/01/10,4:32,4.36
2025/01/10,10:04,2.97
2025/01/10,15:42,5.48
2025/01/10,23:16,0.51
2025/01/11,6:01,4.58
2025/01/11,11:21,2.92
2025/01/11,16:50,5.58
2025/01/12,0:16,0.07
2025/01/12,7:01,4.87
2025/01/12,12:24,2.72
2025/01/12,17:52,5.77
2025/01/13,1:07,-0.25
2025/01/13,7:46,5.12
2025/01/13,13:14,2.49
2025/01/13,18:45,5.98
2025/01/14,1:51,-0.38
2025/01/14,8:24,5.3
2025/01/14,13:57,2.31
2025/01/14,19:31,6.12
2025/01/15,2:31,-0.32
2025/01/15,8:57,5.41
2025/01/15,14:36,2.2
2025/01/15,20:12,6.17
2025/01/16,3:08,-0.09
2025/01/16,9:27,5.46
2025/01/16,15:13,2.16
2025/01/16,20:50,6.09
2025/01/17,3:42,0.26
2025/01/17,9:56,5.47
2025/01/17,15:50,2.17
2025/01/17,21:28,5.91
2025/01/18,4:14,0.69
2025/01/18,10:24,5.45
2025/01/18,16:26,2.18
2025/01/18,22:06,5.64
2025/01/19,4:45,1.15
2025/01/19,10:53,5.4
2025/01/19,17:05,2.17
2025/01/19,22:46,5.29
2025/01/20,5:15,1.61
2025/01/20,11:23,5.33
2025/01/20,17:47,2.14
2025/01/20,23:31,4.9
2025/01/21,5:45,2.05
2025/01/21,11:56,5.21
2025/01/21,18:36,2.08
2025/01/22,0:23,4.49
2025/01/22,6:18,2.46
2025/01/22,12:34,5.06
2025/01/22,19:37,1.99
2025/01/23,1:27,4.1
2025/01/23,7:01,2.83
2025/01/23,13:20,4.89
2025/01/23,20:53,1.82
2025/01/24,2:53,3.84
2025/01/24,8:18,3.13
2025/01/24,14:18,4.75
2025/01/24,22:12,1.52
2025/01/25,4:43,3.85
2025/01/25,10:07,3.23
2025/01/25,15:29,4.74
2025/01/25,23:19,1.09
2025/01/26,6:06,4.13
2025/01/26,11:25,3.08
2025/01/26,16:39,4.92
2025/01/27,0:12,0.62
2025/01/27,6:53,4.47
2025/01/27,12:19,2.84
2025/01/27,17:38,5.26
2025/01/28,0:56,0.19
2025/01/28,7:27,4.82
2025/01/28,13:00,2.56
2025/01/28,18:27,5.67
2025/01/29,1:34,-0.13
2025/01/29,7:58,5.15
2025/01/29,13:37,2.28
2025/01/29,19:11,6.04
2025/01/30,2:09,-0.29
2025/01/30,8:28,5.44
2025/01/30,14:12,2.02
2025/01/30,19:53,6.31
2025/01/31,2:43,-0.27
2025/01/31,8:58,5.68
2025/01/31,14:48,1.77
2025/01/31,20:34,6.42
2025/02/01,3:17,-0.05
2025/02/01,9:29,5.85
2025/02/01,15:27,1.54
2025/02/01,21:17,6.32
2025/02/02,3:52,0.33
2025/02/02,10:01,5.95
2025/02/02,16:09,1.35
2025/02/02,22:04,6.03
2025/02/03,4:27,0.84
2025/02/03,10:36,5.96
2025/02/03,16:56,1.22
2025/02/03,22:54,5.57
2025/02/04,5:04,1.43
2025/02/04,11:13,5.88
2025/02/04,17:50,1.16
2025/02/04,23:51,5.01
2025/02/05,5:45,2.04
2025/02/05,11:56,5.69
2025/02/05,18:55,1.15
2025/02/06,1:00,4.43
2025/02/06,6:35,2.61
2025/02/06,12:46,5.42
2025/02/06,20:17,1.13
2025/02/07,2:34,4
2025/02/07,7:55,3.07
2025/02/07,13:51,5.13
2025/02/07,21:48,0.96
2025/02/08,4:48,3.98
2025/02/08,9:53,3.21
2025/02/08,15:15,4.96
2025/02/08,23:08,0.62
2025/02/09,6:18,4.31
2025/02/09,11:23,2.95
2025/02/09,16:44,5.05
2025/02/10,0:10,0.25
2025/02/10,7:04,4.67
2025/02/10,12:24,2.54
2025/02/10,17:54,5.33
2025/02/11,0:59,-0.04
2025/02/11,7:38,4.98
2025/02/11,13:10,2.12
2025/02/11,18:47,5.64
2025/02/12,1:40,-0.17
2025/02/12,8:06,5.24
2025/02/12,13:48,1.79
2025/02/12,19:29,5.88
2025/02/13,2:15,-0.14
2025/02/13,8:31,5.44
2025/02/13,14:23,1.55
2025/02/13,20:05,6
2025/02/14,2:46,0.06
2025/02/14,8:54,5.57
2025/02/14,14:54,1.42
2025/02/14,20:39,5.99
2025/02/15,3:15,0.39
2025/02/15,9:17,5.63
2025/02/15,15:24,1.36
2025/02/15,21:12,5.87
2025/02/16,3:41,0.8
2025/02/16,9:40,5.64
2025/02/16,15:54,1.34
2025/02/16,21:45,5.65
2025/02/17,4:05,1.24
2025/02/17,10:04,5.59
2025/02/17,16:24,1.36
2025/02/17,22:20,5.34
2025/02/18,4:29,1.69
2025/02/18,10:30,5.48
2025/02/18,16:56,1.41
2025/02/18,22:59,4.97
2025/02/19,4:51,2.1
2025/02/19,10:58,5.32
2025/02/19,17:34,1.49
2025/02/19,23:43,4.54
2025/02/20,5:13,2.49
2025/02/20,11:32,5.1
2025/02/20,18:22,1.6
2025/02/21,0:39,4.1
2025/02/21,5:39,2.85
2025/02/21,12:14,4.85
2025/02/21,19:36,1.7
2025/02/22,1:59,3.74
2025/02/22,6:18,3.2
2025/02/22,13:14,4.61
2025/02/22,21:21,1.61
2025/02/23,4:07,3.69
2025/02/23,9:20,3.42
2025/02/23,14:39,4.5
2025/02/23,22:48,1.24
2025/02/24,5:50,4.02
2025/02/24,11:06,3.17
2025/02/24,16:10,4.68
2025/02/24,23:47,0.75
2025/02/25,6:30,4.45
2025/02/25,12:02,2.73
2025/02/25,17:21,5.11
2025/02/26,0:33,0.3
2025/02/26,7:00,4.89
2025/02/26,12:43,2.23
2025/02/26,18:15,5.62
2025/02/27,1:11,-0.02
2025/02/27,7:28,5.31
2025/02/27,13:20,1.72
2025/02/27,19:02,6.06
2025/02/28,1:47,-0.14
2025/02/28,7:55,5.7
2025/02/28,13:56,1.23
2025/02/28,19:45,6.37
2025/03/01,2:20,-0.04
2025/03/01,8:24,6
2025/03/01,14:32,0.81
2025/03/01,20:27,6.46
2025/03/02,2:53,0.27
2025/03/02,8:53,6.2
2025/03/02,15:09,0.52
2025/03/02,21:11,6.33
2025/03/03,3:27,0.74
2025/03/03,9:25,6.28
2025/03/03,15:50,0.37
2025/03/03,21:56,5.98
2025/03/04,4:00,1.32
2025/03/04,9:58,6.22
2025/03/04,16:34,0.4
2025/03/04,22:45,5.47
2025/03/05,4:36,1.92
2025/03/05,10:35,6.03
2025/03/05,17:26,0.59
2025/03/05,23:40,4.88
2025/03/06,5:14,2.5
2025/03/06,11:17,5.7
2025/03/06,18:29,0.88
2025/03/07,0:49,4.3
2025/03/07,6:04,3.02
2025/03/07,12:09,5.28
2025/03/07,19:54,1.14
2025/03/08,2:34,3.94
2025/03/08,7:47,3.38
2025/03/08,13:21,4.86
2025/03/08,21:32,1.17
2025/03/09,5:05,4.06
2025/03/09,9:59,3.29
2025/03/09,15:04,4.65
2025/03/09,22:54,0.95
2025/03/10,6:06,4.42
2025/03/10,11:20,2.83
2025/03/10,16:45,4.81
2025/03/10,23:54,0.67
2025/03/11,6:41,4.77
2025/03/11,12:14,2.27
2025/03/11,17:53,5.15
2025/03/12,0:39,0.45
2025/03/12,7:08,5.1
2025/03/12,12:55,1.75
2025/03/12,18:41,5.49
2025/03/13,1:16,0.35
2025/03/13,7:31,5.38
2025/03/13,13:30,1.33
2025/03/13,19:19,5.74
2025/03/14,1:48,0.4
2025/03/14,7:52,5.6
2025/03/14,14:01,1.02
2025/03/14,19:52,5.88
2025/03/15,2:17,0.59
2025/03/15,8:13,5.75
2025/03/15,14:29,0.83
2025/03/15,20:23,5.91
2025/03/16,2:43,0.89
2025/03/16,8:34,5.83
2025/03/16,14:56,0.74
2025/03/16,20:54,5.83
2025/03/17,3:07,1.26
2025/03/17,8:55,5.84
2025/03/17,15:22,0.74
2025/03/17,21:25,5.66
2025/03/18,3:29,1.66
2025/03/18,9:18,5.78
2025/03/18,15:48,0.81
2025/03/18,21:58,5.39
2025/03/19,3:49,2.06
2025/03/19,9:44,5.65
2025/03/19,16:17,0.94
2025/03/19,22:34,5.06
2025/03/20,4:09,2.42
2025/03/20,10:12,5.47
2025/03/20,16:51,1.13
2025/03/20,23:17,4.67
2025/03/21,4:31,2.76
2025/03/21,10:46,5.24
2025/03/21,17:36,1.36
2025/03/22,0:11,4.28
2025/03/22,4:58,3.07
2025/03/22,11:28,4.97
2025/03/22,18:43,1.59
2025/03/23,1:28,3.97
2025/03/23,5:42,3.39
2025/03/23,12:31,4.69
2025/03/23,20:28,1.65
2025/03/24,3:21,3.94
2025/03/24,8:54,3.54
2025/03/24,14:03,4.53
2025/03/24,22:04,1.42
2025/03/25,4:55,4.25
2025/03/25,10:40,3.14
2025/03/25,15:43,4.69
2025/03/25,23:09,1.03
2025/03/26,5:41,4.69
2025/03/26,11:35,2.52
2025/03/26,17:00,5.11
2025/03/26,23:58,0.69
2025/03/27,6:14,5.16
2025/03/27,12:18,1.82
2025/03/27,17:59,5.61
2025/03/28,0:40,0.48
2025/03/28,6:45,5.62
2025/03/28,12:57,1.11
2025/03/28,18:49,6.04
2025/03/29,1:17,0.46
2025/03/29,7:15,6.02
2025/03/29,13:34,0.47
2025/03/29,19:34,6.32
2025/03/30,1:53,0.64
2025/03/30,7:46,6.33
2025/03/30,14:12,0
2025/03/30,20:19,6.37
2025/03/31,2:27,0.99
2025/03/31,8:17,6.51
2025/03/31,14:51,-0.25
2025/03/31,21:03,6.21
2025/04/01,3:02,1.47
2025/04/01,8:50,6.53
2025/04/01,15:32,-0.25
2025/04/01,21:49,5.85
2025/04/02,3:37,2
2025/04/02,9:25,6.38
2025/04/02,16:17,-0.01
2025/04/02,22:38,5.36
2025/04/03,4:14,2.53
2025/04/03,10:04,6.08
2025/04/03,17:09,0.4
2025/04/03,23:35,4.84
2025/04/04,4:58,3
2025/04/04,10:49,5.66
2025/04/04,18:13,0.89
2025/04/05,0:47,4.4
2025/04/05,6:05,3.38
2025/04/05,11:46,5.17
2025/04/05,19:36,1.28
2025/04/06,2:33,4.21
2025/04/06,8:05,3.5
2025/04/06,13:06,4.73
2025/04/06,21:07,1.43
2025/04/07,4:25,4.37
2025/04/07,9:52,3.18
2025/04/07,14:56,4.54
2025/04/07,22:23,1.38
2025/04/08,5:19,4.67
2025/04/08,11:01,2.63
2025/04/08,16:33,4.71
2025/04/08,23:20,1.24
2025/04/09,5:53,4.97
2025/04/09,11:50,2.04
2025/04/09,17:38,5
2025/04/10,0:05,1.14
2025/04/10,6:20,5.26
2025/04/10,12:29,1.48
2025/04/10,18:24,5.29
2025/04/11,0:42,1.11
2025/04/11,6:44,5.52
2025/04/11,13:03,1.01
2025/04/11,19:01,5.51
2025/04/12,1:14,1.17
2025/04/12,7:06,5.72
2025/04/12,13:33,0.66
2025/04/12,19:35,5.66
2025/04/13,1:43,1.33
2025/04/13,7:29,5.87
2025/04/13,14:01,0.44
2025/04/13,20:06,5.72
2025/04/14,2:10,1.58
2025/04/14,7:51,5.94
2025/04/14,14:28,0.35
2025/04/14,20:36,5.68
2025/04/15,2:34,1.88
2025/04/15,8:15,5.94
2025/04/15,14:54,0.38
2025/04/15,21:08,5.55
2025/04/16,2:57,2.21
2025/04/16,8:40,5.88
2025/04/16,15:22,0.51
2025/04/16,21:41,5.35
2025/04/17,3:19,2.54
2025/04/17,9:07,5.77
2025/04/17,15:52,0.7
2025/04/17,22:19,5.09
2025/04/18,3:41,2.84
2025/04/18,9:38,5.61
2025/04/18,16:28,0.94
2025/04/18,23:03,4.8
2025/04/19,4:09,3.12
2025/04/19,10:15,5.4
2025/04/19,17:15,1.2
2025/04/19,23:59,4.54
2025/04/20,4:49,3.37
2025/04/20,11:03,5.14
2025/04/20,18:19,1.43
2025/04/21,1:11,4.39
2025/04/21,6:09,3.56
2025/04/21,12:10,4.86
2025/04/21,19:44,1.56
2025/04/22,2:34,4.44
2025/04/22,8:33,3.44
2025/04/22,13:39,4.68
2025/04/22,21:10,1.52
2025/04/23,3:45,4.69
2025/04/23,10:02,2.9
2025/04/23,15:14,4.75
2025/04/23,22:19,1.38
2025/04/24,4:38,5.06
2025/04/24,11:01,2.15
2025/04/24,16:36,5.06
2025/04/24,23:14,1.25
2025/04/25,5:20,5.48
2025/04/25,11:48,1.32
2025/04/25,17:40,5.46
2025/04/26,0:02,1.21
2025/04/26,5:57,5.88
2025/04/26,12:31,0.53
2025/04/26,18:35,5.82
2025/04/27,0:45,1.29
2025/04/27,6:33,6.24
2025/04/27,13:13,-0.12
2025/04/27,19:25,6.04
2025/04/28,1:25,1.49
2025/04/28,7:09,6.5
2025/04/28,13:54,-0.54
2025/04/28,20:12,6.07
2025/04/29,2:03,1.8
2025/04/29,7:44,6.62
2025/04/29,14:35,-0.66
2025/04/29,20:58,5.92
2025/04/30,2:41,2.17
2025/04/30,8:21,6.58
2025/04/30,15:19,-0.51
2025/04/30,21:45,5.62
2025/05/01,3:21,2.57
2025/05/01,9:01,6.38
2025/05/01,16:06,-0.12
2025/05/01,22:36,5.26
2025/05/02,4:05,2.95
2025/05/02,9:44,6.03
2025/05/02,16:59,0.39
2025/05/02,23:33,4.91
2025/05/03,5:01,3.27
2025/05/03,10:34,5.59
2025/05/03,18:01,0.92
2025/05/04,0:42,4.68
2025/05/04,6:20,3.44
2025/05/04,11:35,5.12
2025/05/04,19:12,1.36
2025/05/05,2:01,4.61
2025/05/05,7:58,3.34
2025/05/05,12:54,4.71
2025/05/05,20:26,1.64
2025/05/06,3:13,4.72
2025/05/06,9:22,2.96
2025/05/06,14:29,4.5
2025/05/06,21:33,1.77
2025/05/07,4:06,4.9
2025/05/07,10:25,2.43
2025/05/07,15:59,4.54
2025/05/07,22:30,1.83
2025/05/08,4:45,5.11
2025/05/08,11:14,1.86
2025/05/08,17:07,4.71
2025/05/08,23:18,1.86
2025/05/09,5:18,5.32
2025/05/09,11:56,1.31
2025/05/09,17:58,4.93
2025/05/09,23:59,1.89
2025/05/10,5:49,5.51
2025/05/10,12:32,0.83
2025/05/10,18:40,5.13
2025/05/11,0:36,1.95
2025/05/11,6:17,5.68
2025/05/11,13:05,0.47
2025/05/11,19:16,5.29
2025/05/12,1:10,2.05
2025/05/12,6:45,5.8
2025/05/12,13:36,0.25
2025/05/12,19:50,5.38
2025/05/13,1:40,2.21
2025/05/13,7:13,5.88
2025/05/13,14:05,0.17
2025/05/13,20:23,5.39
2025/05/14,2:08,2.42
2025/05/14,7:41,5.91
2025/05/14,14:35,0.21
2025/05/14,20:56,5.34
2025/05/15,2:34,2.66
2025/05/15,8:10,5.9
2025/05/15,15:06,0.34
2025/05/15,21:32,5.23
2025/05/16,3:00,2.9
2025/05/16,8:42,5.84
2025/05/16,15:40,0.53
2025/05/16,22:12,5.1
2025/05/17,3:30,3.12
2025/05/17,9:18,5.73
2025/05/17,16:19,0.74
2025/05/17,22:57,4.97
2025/05/18,4:09,3.3
2025/05/18,10:01,5.55
2025/05/18,17:06,0.97
2025/05/18,23:50,4.9
2025/05/19,5:07,3.4
2025/05/19,10:53,5.31
2025/05/19,18:01,1.2
2025/05/20,0:47,4.9
2025/05/20,6:30,3.34
2025/05/20,12:00,5.04
2025/05/20,19:05,1.42
2025/05/21,1:46,5
2025/05/21,8:02,3.02
2025/05/21,13:19,4.82
2025/05/21,20:15,1.6
2025/05/22,2:43,5.18
2025/05/22,9:20,2.42
2025/05/22,14:47,4.74
2025/05/22,21:23,1.75
2025/05/23,3:36,5.42
2025/05/23,10:24,1.66
2025/05/23,16:11,4.87
2025/05/23,22:26,1.88
2025/05/24,4:25,5.7
2025/05/24,11:19,0.85
2025/05/24,17:23,5.12
2025/05/24,23:23,1.98
2025/05/25,5:11,5.98
2025/05/25,12:08,0.12
2025/05/25,18:25,5.39
2025/05/26,0:14,2.09
2025/05/26,5:55,6.24
2025/05/26,12:55,-0.44
2025/05/26,19:20,5.58
2025/05/27,1:02,2.23
2025/05/27,6:38,6.43
2025/05/27,13:41,-0.74
2025/05/27,20:09,5.64
2025/05/28,1:46,2.39
2025/05/28,7:21,6.52
2025/05/28,14:26,-0.76
2025/05/28,20:57,5.59
2025/05/29,2:30,2.59
2025/05/29,8:04,6.46
2025/05/29,15:12,-0.53
2025/05/29,21:44,5.44
2025/05/30,3:15,2.81
2025/05/30,8:48,6.27
2025/05/30,15:59,-0.12
2025/05/30,22:32,5.26
2025/05/31,4:05,3
2025/05/31,9:34,5.96
2025/05/31,16:49,0.39
2025/05/31,23:23,5.11
2025/06/01,5:02,3.14
2025/06/01,10:25,5.57
2025/06/01,17:41,0.9
2025/06/02,0:15,5.02
2025/06/02,6:10,3.16
2025/06/02,11:22,5.15
2025/06/02,18:36,1.37
2025/06/03,1:07,5
2025/06/03,7:23,3.01
2025/06/03,12:29,4.76
2025/06/03,19:32,1.77
2025/06/04,1:57,5.03
2025/06/04,8:33,2.69
2025/06/04,13:45,4.47
2025/06/04,20:29,2.09
2025/06/05,2:43,5.09
2025/06/05,9:36,2.26
2025/06/05,15:06,4.33
2025/06/05,21:26,2.32
2025/06/06,3:27,5.17
2025/06/06,10:29,1.77
2025/06/06,16:23,4.35
2025/06/06,22:21,2.47
2025/06/07,4:09,5.26
2025/06/07,11:17,1.28
2025/06/07,17:27,4.49
2025/06/07,23:12,2.55
2025/06/08,4:51,5.36
2025/06/08,11:59,0.84
2025/06/08,18:19,4.68
2025/06/08,23:58,2.58
2025/06/09,5:30,5.48
2025/06/09,12:38,0.49
2025/06/09,19:02,4.87
2025/06/10,0:39,2.61
2025/06/10,6:07,5.61
2025/06/10,13:15,0.25
2025/06/10,19:39,5.02
2025/06/11,1:16,2.66
2025/06/11,6:43,5.74
2025/06/11,13:49,0.12
2025/06/11,20:15,5.12
2025/06/12,1:50,2.74
2025/06/12,7:18,5.86
2025/06/12,14:23,0.11
2025/06/12,20:50,5.19
2025/06/13,2:21,2.86
2025/06/13,7:53,5.93
2025/06/13,14:58,0.18
2025/06/13,21:25,5.23
2025/06/14,2:54,2.97
2025/06/14,8:30,5.96
2025/06/14,15:33,0.32
2025/06/14,22:03,5.25
2025/06/15,3:31,3.06
2025/06/15,9:10,5.9
2025/06/15,16:11,0.51
2025/06/15,22:44,5.29
2025/06/16,4:16,3.08
2025/06/16,9:55,5.76
2025/06/16,16:52,0.75
2025/06/16,23:27,5.35
2025/06/17,5:10,3
2025/06/17,10:48,5.52
2025/06/17,17:37,1.05
2025/06/18,0:12,5.42
2025/06/18,6:15,2.78
2025/06/18,11:49,5.21
2025/06/18,18:27,1.41
2025/06/19,0:58,5.5
2025/06/19,7:27,2.4
2025/06/19,13:00,4.88
2025/06/19,19:23,1.81
2025/06/20,1:48,5.58
2025/06/20,8:40,1.88
2025/06/20,14:22,4.64
2025/06/20,20:28,2.19
2025/06/21,2:40,5.66
2025/06/21,9:50,1.25
2025/06/21,15:50,4.58
2025/06/21,21:40,2.5
2025/06/22,3:35,5.76
2025/06/22,10:54,0.61
2025/06/22,17:14,4.71
2025/06/22,22:50,2.67
2025/06/23,4:32,5.9
2025/06/23,11:52,0.03
2025/06/23,18:25,4.96
2025/06/23,23:54,2.72
2025/06/24,5:28,6.07
2025/06/24,12:45,-0.41
2025/06/24,19:22,5.19
2025/06/25,0:49,2.69
2025/06/25,6:20,6.24
2025/06/25,13:35,-0.63
2025/06/25,20:11,5.36
2025/06/26,1:39,2.65
2025/06/26,7:10,6.35
2025/06/26,14:21,-0.62
2025/06/26,20:55,5.45
2025/06/27,2:26,2.64
2025/06/27,7:57,6.35
2025/06/27,15:05,-0.41
2025/06/27,21:36,5.46
2025/06/28,3:11,2.66
2025/06/28,8:42,6.24
2025/06/28,15:48,-0.03
2025/06/28,22:15,5.45
2025/06/29,3:57,2.71
2025/06/29,9:27,6
2025/06/29,16:29,0.45
2025/06/29,22:54,5.42
2025/06/30,4:46,2.74
2025/06/30,10:13,5.67
2025/06/30,17:10,0.97
2025/06/30,23:31,5.39
2025/07/01,5:38,2.71
2025/07/01,11:02,5.29
2025/07/01,17:50,1.48
2025/07/02,0:08,5.36
2025/07/02,6:34,2.61
2025/07/02,11:55,4.9
2025/07/02,18:32,1.95
2025/07/03,0:46,5.33
2025/07/03,7:32,2.43
2025/07/03,12:55,4.53
2025/07/03,19:16,2.37
2025/07/04,1:26,5.27
2025/07/04,8:34,2.17
2025/07/04,14:06,4.24
2025/07/04,20:08,2.72
2025/07/05,2:10,5.21
2025/07/05,9:36,1.84
2025/07/05,15:28,4.1
2025/07/05,21:13,2.98
2025/07/06,3:00,5.16
2025/07/06,10:35,1.47
2025/07/06,16:54,4.16
2025/07/06,22:23,3.1
2025/07/07,3:54,5.17
2025/07/07,11:29,1.08
2025/07/07,18:04,4.36
2025/07/07,23:25,3.09
2025/07/08,4:49,5.27
2025/07/08,12:17,0.71
2025/07/08,18:54,4.61
2025/07/09,0:17,3.01
2025/07/09,5:39,5.46
2025/07/09,12:59,0.41
2025/07/09,19:32,4.86
2025/07/10,1:00,2.91
2025/07/10,6:24,5.7
2025/07/10,13:37,0.19
2025/07/10,20:06,5.1
2025/07/11,1:38,2.84
2025/07/11,7:04,5.94
2025/07/11,14:12,0.08
2025/07/11,20:38,5.31
2025/07/12,2:12,2.78
2025/07/12,7:43,6.13
2025/07/12,14:46,0.09
2025/07/12,21:10,5.49
2025/07/13,2:47,2.72
2025/07/13,8:23,6.24
2025/07/13,15:19,0.22
2025/07/13,21:42,5.65
2025/07/14,3:24,2.64
2025/07/14,9:04,6.22
2025/07/14,15:53,0.46
2025/07/14,22:16,5.78
2025/07/15,4:06,2.51
2025/07/15,9:49,6.06
2025/07/15,16:29,0.8
2025/07/15,22:51,5.88
2025/07/16,4:54,2.32
2025/07/16,10:39,5.78
2025/07/16,17:07,1.23
2025/07/16,23:29,5.94
2025/07/17,5:49,2.09
2025/07/17,11:36,5.38
2025/07/17,17:49,1.73
2025/07/18,0:11,5.94
2025/07/18,6:52,1.82
2025/07/18,12:42,4.93
2025/07/18,18:37,2.26
2025/07/19,0:58,5.88
2025/07/19,8:04,1.52
2025/07/19,14:01,4.54
2025/07/19,19:39,2.77
2025/07/20,1:52,5.79
2025/07/20,9:22,1.16
2025/07/20,15:39,4.37
2025/07/20,21:03,3.14
2025/07/21,2:56,5.71
2025/07/21,10:38,0.73
2025/07/21,17:21,4.5
2025/07/21,22:34,3.25
2025/07/22,4:07,5.74
2025/07/22,11:45,0.28
2025/07/22,18:35,4.82
2025/07/22,23:49,3.1
2025/07/23,5:16,5.89
2025/07/23,12:41,-0.08
2025/07/23,19:26,5.15
2025/07/24,0:47,2.85
2025/07/24,6:17,6.12
2025/07/24,13:29,-0.28
2025/07/24,20:07,5.42
2025/07/25,1:36,2.59
2025/07/25,7:08,6.32
2025/07/25,14:12,-0.28
2025/07/25,20:41,5.62
2025/07/26,2:19,2.41
2025/07/26,7:54,6.41
2025/07/26,14:51,-0.07
2025/07/26,21:13,5.75
2025/07/27,2:59,2.3
2025/07/27,8:35,6.36
2025/07/27,15:27,0.29
2025/07/27,21:42,5.82
2025/07/28,3:38,2.25
2025/07/28,9:15,6.18
2025/07/28,16:00,0.76
2025/07/28,22:11,5.83
2025/07/29,4:16,2.25
2025/07/29,9:54,5.91
2025/07/29,16:31,1.27
2025/07/29,22:39,5.81
2025/07/30,4:56,2.25
2025/07/30,10:35,5.55
2025/07/30,17:01,1.79
2025/07/30,23:09,5.74
2025/07/31,5:38,2.24
2025/07/31,11:19,5.16
2025/07/31,17:31,2.28
2025/07/31,23:41,5.63
2025/08/01,6:26,2.22
2025/08/01,12:09,4.76
2025/08/01,18:02,2.72
2025/08/02,0:16,5.49
2025/08/02,7:23,2.18
2025/08/02,13:10,4.38
2025/08/02,18:40,3.11
2025/08/03,1:00,5.31
2025/08/03,8:34,2.08
2025/08/03,14:32,4.1
2025/08/03,19:43,3.45
2025/08/04,1:55,5.15
2025/08/04,9:52,1.86
2025/08/04,16:24,4.08
2025/08/04,21:36,3.62
2025/08/05,3:04,5.08
2025/08/05,11:02,1.5
2025/08/05,17:58,4.34
2025/08/05,23:03,3.52
2025/08/06,4:17,5.2
2025/08/06,11:57,1.09
2025/08/06,18:44,4.69
2025/08/07,0:02,3.29
2025/08/07,5:19,5.49
2025/08/07,12:41,0.7
2025/08/07,19:16,5.04
2025/08/08,0:46,3.01
2025/08/08,6:10,5.86
2025/08/08,13:19,0.41
2025/08/08,19:45,5.4
2025/08/09,1:23,2.74
2025/08/09,6:54,6.22
2025/08/09,13:53,0.25
2025/08/09,20:12,5.72
2025/08/10,1:57,2.47
2025/08/10,7:35,6.5
2025/08/10,14:25,0.26
2025/08/10,20:39,6.01
2025/08/11,2:31,2.21
2025/08/11,8:15,6.64
2025/08/11,14:56,0.45
2025/08/11,21:08,6.24
2025/08/12,3:07,1.98
2025/08/12,8:56,6.62
2025/08/12,15:28,0.78
2025/08/12,21:38,6.39
2025/08/13,3:46,1.77
2025/08/13,9:40,6.41
2025/08/13,16:01,1.25
2025/08/13,22:11,6.47
2025/08/14,4:30,1.61
2025/08/14,10:28,6.04
2025/08/14,16:35,1.8
2025/08/14,22:46,6.44
2025/08/15,5:20,1.52
2025/08/15,11:22,5.55
2025/08/15,17:13,2.38
2025/08/15,23:27,6.32
2025/08/16,6:20,1.5
2025/08/16,12:26,5.01
2025/08/16,17:56,2.95
2025/08/17,0:14,6.1
2025/08/17,7:36,1.51
2025/08/17,13:50,4.56
2025/08/17,19:00,3.46
2025/08/18,1:13,5.83
2025/08/18,9:05,1.41
2025/08/18,15:49,4.42
2025/08/18,20:54,3.75
2025/08/19,2:31,5.63
2025/08/19,10:31,1.13
2025/08/19,17:41,4.7
2025/08/19,22:40,3.62
2025/08/20,4:01,5.64
2025/08/20,11:39,0.77
2025/08/20,18:37,5.09
2025/08/20,23:52,3.22
2025/08/21,5:19,5.88
2025/08/21,12:32,0.46
2025/08/21,19:14,5.46
2025/08/22,0:44,2.77
2025/08/22,6:19,6.19
2025/08/22,13:16,0.3
2025/08/22,19:45,5.78
2025/08/23,1:26,2.36
2025/08/23,7:07,6.44
2025/08/23,13:54,0.33
2025/08/23,20:12,6.02
2025/08/24,2:04,2.06
2025/08/24,7:47,6.56
2025/08/24,14:27,0.53
2025/08/24,20:37,6.19
2025/08/25,2:38,1.88
2025/08/25,8:23,6.55
2025/08/25,14:57,0.89
2025/08/25,21:00,6.28
2025/08/26,3:10,1.8
2025/08/26,8:58,6.42
2025/08/26,15:25,1.33
2025/08/26,21:24,6.3
2025/08/27,3:41,1.8
2025/08/27,9:32,6.18
2025/08/27,15:50,1.83
2025/08/27,21:48,6.25
2025/08/28,4:13,1.86
2025/08/28,10:07,5.87
2025/08/28,16:14,2.31
2025/08/28,22:14,6.13
2025/08/29,4:46,1.95
2025/08/29,10:46,5.49
2025/08/29,16:37,2.76
2025/08/29,22:43,5.97
2025/08/30,5:25,2.08
2025/08/30,11:30,5.08
2025/08/30,16:59,3.17
2025/08/30,23:16,5.75
2025/08/31,6:14,2.23
2025/08/31,12:26,4.67
2025/08/31,17:23,3.53
2025/08/31,23:59,5.5
2025/09/01,7:28,2.35
2025/09/01,13:45,4.34
2025/09/01,17:59,3.87
2025/09/02,0:57,5.26
2025/09/02,9:08,2.29
2025/09/02,15:57,4.3
2025/09/02,21:02,4.08
2025/09/03,2:20,5.14
2025/09/03,10:31,1.97
2025/09/03,17:39,4.62
2025/09/03,22:47,3.85
2025/09/04,3:50,5.29
2025/09/04,11:30,1.54
2025/09/04,18:14,5.03
2025/09/04,23:44,3.44
2025/09/05,5:01,5.66
2025/09/05,12:14,1.13
2025/09/05,18:42,5.46
2025/09/06,0:26,2.96
2025/09/06,5:55,6.11
2025/09/06,12:52,0.84
2025/09/06,19:08,5.88
2025/09/07,1:02,2.46
2025/09/07,6:41,6.53
2025/09/07,13:25,0.71
2025/09/07,19:34,6.28
2025/09/08,1:36,1.98
2025/09/08,7:23,6.84
2025/09/08,13:57,0.78
2025/09/08,20:01,6.61
2025/09/09,2:10,1.55
2025/09/09,8:04,6.98
2025/09/09,14:29,1.04
2025/09/09,20:29,6.86
2025/09/10,2:46,1.23
2025/09/10,8:46,6.91
2025/09/10,15:00,1.46
2025/09/10,20:59,6.99
2025/09/11,3:24,1.05
2025/09/11,9:30,6.64
2025/09/11,15:32,1.99
2025/09/11,21:31,6.99
2025/09/12,4:07,1.04
2025/09/12,10:17,6.2
2025/09/12,16:05,2.57
2025/09/12,22:07,6.86
2025/09/13,4:56,1.19
2025/09/13,11:11,5.66
2025/09/13,16:42,3.14
2025/09/13,22:49,6.59
2025/09/14,5:57,1.46
2025/09/14,12:17,5.11
2025/09/14,17:28,3.66
2025/09/14,23:39,6.21
2025/09/15,7:18,1.73
2025/09/15,13:52,4.73
2025/09/15,18:53,4.08
2025/09/16,0:48,5.81
2025/09/16,8:55,1.8
2025/09/16,16:14,4.77
2025/09/16,21:13,4.1
2025/09/17,2:24,5.56
2025/09/17,10:20,1.62
2025/09/17,17:32,5.13
2025/09/17,22:45,3.68
2025/09/18,4:06,5.63
2025/09/18,11:24,1.36
2025/09/18,18:12,5.51
2025/09/18,23:45,3.11
2025/09/19,5:22,5.93
2025/09/19,12:13,1.15
2025/09/19,18:43,5.86
2025/09/20,0:30,2.54
2025/09/20,6:15,6.25
2025/09/20,12:52,1.07
2025/09/20,19:09,6.17
2025/09/21,1:08,2.05
2025/09/21,6:58,6.48
2025/09/21,13:27,1.13
2025/09/21,19:32,6.41
2025/09/22,1:42,1.7
2025/09/22,7:34,6.61
2025/09/22,13:57,1.32
2025/09/22,19:54,6.58
2025/09/23,2:12,1.48
2025/09/23,8:07,6.62
2025/09/23,14:24,1.64
2025/09/23,20:16,6.65
2025/09/24,2:41,1.39
2025/09/24,8:38,6.52
2025/09/24,14:49,2.03
2025/09/24,20:38,6.65
2025/09/25,3:08,1.42
2025/09/25,9:10,6.33
2025/09/25,15:12,2.45
2025/09/25,21:01,6.57
2025/09/26,3:36,1.54
2025/09/26,9:43,6.05
2025/09/26,15:33,2.87
2025/09/26,21:27,6.43
2025/09/27,4:05,1.72
2025/09/27,10:19,5.71
2025/09/27,15:53,3.26
2025/09/27,21:55,6.24
2025/09/28,4:40,1.96
2025/09/28,11:02,5.33
2025/09/28,16:13,3.6
2025/09/28,22:29,6
2025/09/29,5:26,2.23
2025/09/29,11:56,4.96
2025/09/29,16:37,3.91
2025/09/29,23:12,5.72
2025/09/30,6:35,2.46
2025/09/30,13:14,4.68
2025/09/30,17:19,4.22
2025/10/01,0:14,5.45
2025/10/01,8:18,2.51
2025/10/01,15:10,4.69
2025/10/01,20:41,4.34
2025/10/02,1:43,5.28
2025/10/02,9:47,2.29
2025/10/02,16:39,5
2025/10/02,22:21,3.96
2025/10/03,3:21,5.4
2025/10/03,10:49,1.95
2025/10/03,17:20,5.41
2025/10/03,23:16,3.37
2025/10/04,4:37,5.76
2025/10/04,11:36,1.64
2025/10/04,17:52,5.85
2025/10/04,23:58,2.69
2025/10/05,5:36,6.21
2025/10/05,12:16,1.43
2025/10/05,18:21,6.3
2025/10/06,0:35,2
2025/10/06,6:25,6.62
2025/10/06,12:53,1.38
2025/10/06,18:51,6.71
2025/10/07,1:11,1.35
2025/10/07,7:10,6.91
2025/10/07,13:27,1.5
2025/10/07,19:20,7.05
2025/10/08,1:48,0.84
2025/10/08,7:53,7.01
2025/10/08,14:00,1.8
2025/10/08,19:51,7.28
2025/10/09,2:25,0.53
2025/10/09,8:37,6.91
2025/10/09,14:34,2.21
2025/10/09,20:24,7.36
2025/10/10,3:06,0.46
2025/10/10,9:22,6.61
2025/10/10,15:07,2.7
2025/10/10,20:59,7.28
2025/10/11,3:50,0.64
2025/10/11,10:10,6.16
2025/10/11,15:43,3.21
2025/10/11,21:38,7.03
2025/10/12,4:41,1.01
2025/10/12,11:06,5.66
2025/10/12,16:25,3.69
2025/10/12,22:22,6.65
2025/10/13,5:44,1.48
2025/10/13,12:16,5.22
2025/10/13,17:25,4.1
2025/10/13,23:18,6.18
2025/10/14,7:05,1.88
2025/10/14,13:55,5.01
2025/10/14,19:19,4.29
2025/10/15,0:35,5.72
2025/10/15,8:35,2.07
2025/10/15,15:47,5.15
2025/10/15,21:15,4.03
2025/10/16,2:19,5.46
2025/10/16,9:53,2.04
2025/10/16,16:48,5.45
2025/10/16,22:31,3.47
2025/10/17,4:00,5.54
2025/10/17,10:53,1.94
2025/10/17,17:27,5.77
2025/10/17,23:25,2.83
2025/10/18,5:11,5.79
2025/10/18,11:40,1.86
2025/10/18,17:57,6.07
2025/10/19,0:07,2.23
2025/10/19,6:02,6.03
2025/10/19,12:20,1.85
2025/10/19,18:23,6.32
2025/10/20,0:44,1.72
2025/10/20,6:43,6.23
2025/10/20,12:54,1.92
2025/10/20,18:48,6.52
2025/10/21,1:16,1.34
2025/10/21,7:18,6.35
2025/10/21,13:25,2.07
2025/10/21,19:11,6.65
2025/10/22,1:46,1.11
2025/10/22,7:51,6.38
2025/10/22,13:53,2.3
2025/10/22,19:35,6.71
2025/10/23,2:14,1.03
2025/10/23,8:21,6.33
2025/10/23,14:18,2.6
2025/10/23,19:59,6.7
2025/10/24,2:42,1.08
2025/10/24,8:53,6.19
2025/10/24,14:42,2.92
2025/10/24,20:24,6.63
2025/10/25,3:10,1.23
2025/10/25,9:26,5.97
2025/10/25,15:03,3.25
2025/10/25,20:52,6.51
2025/10/26,3:40,1.47
2025/10/26,10:02,5.71
2025/10/26,15:25,3.55
2025/10/26,21:22,6.34
2025/10/27,4:16,1.74
2025/10/27,10:46,5.42
2025/10/27,15:50,3.83
2025/10/27,21:59,6.12
2025/10/28,5:01,2.01
2025/10/28,11:40,5.17
2025/10/28,16:26,4.08
2025/10/28,22:45,5.85
2025/10/29,6:03,2.25
2025/10/29,12:50,5.02
2025/10/29,17:40,4.28
2025/10/29,23:48,5.56
2025/10/30,7:24,2.38
2025/10/30,14:10,5.07
2025/10/30,20:06,4.2
2025/10/31,1:12,5.35
2025/10/31,8:46,2.35
2025/10/31,15:21,5.3
2025/10/31,21:38,3.7
2025/11/01,2:46,5.36
2025/11/01,9:54,2.23
2025/11/01,16:12,5.64
2025/11/01,22:37,3
2025/11/02,4:07,5.59
2025/11/02,10:49,2.1
2025/11/02,16:54,6.03
2025/11/02,23:25,2.19
2025/11/03,5:14,5.95
2025/11/03,11:36,2.03
2025/11/03,17:32,6.43
2025/11/04,0:08,1.38
2025/11/04,6:09,6.29
2025/11/04,12:19,2.05
2025/11/04,18:08,6.8
2025/11/05,0:49,0.68
2025/11/05,6:59,6.54
2025/11/05,12:58,2.18
2025/11/05,18:43,7.11
2025/11/06,1:29,0.18
2025/11/06,7:46,6.63
2025/11/06,13:37,2.41
2025/11/06,19:20,7.3
2025/11/07,2:11,-0.04
2025/11/07,8:31,6.53
2025/11/07,14:14,2.72
2025/11/07,19:57,7.34
2025/11/08,2:54,0.02
2025/11/08,9:18,6.28
2025/11/08,14:53,3.07
2025/11/08,20:37,7.21
2025/11/09,3:41,0.33
2025/11/09,10:08,5.94
2025/11/09,15:35,3.43
2025/11/09,21:21,6.92
2025/11/10,4:34,0.8
2025/11/10,11:04,5.59
2025/11/10,16:27,3.75
2025/11/10,22:10,6.5
2025/11/11,5:34,1.33
2025/11/11,12:09,5.33
2025/11/11,17:39,3.97
2025/11/11,23:09,6
2025/11/12,6:44,1.79
2025/11/12,13:26,5.24
2025/11/12,19:16,3.95
2025/11/13,0:24,5.54
2025/11/13,7:58,2.12
2025/11/13,14:41,5.32
2025/11/13,20:48,3.61
2025/11/14,1:57,5.24
2025/11/14,9:07,2.31
2025/11/14,15:39,5.49
2025/11/14,21:58,3.08
2025/11/15,3:30,5.18
2025/11/15,10:06,2.4
2025/11/15,16:23,5.69
2025/11/15,22:53,2.48
2025/11/16,4:45,5.29
2025/11/16,10:57,2.44
2025/11/16,17:00,5.89
2025/11/16,23:37,1.91
2025/11/17,5:41,5.46
2025/11/17,11:41,2.47
2025/11/17,17:32,6.06
2025/11/18,0:16,1.41
2025/11/18,6:26,5.63
2025/11/18,12:20,2.51
2025/11/18,18:03,6.21
2025/11/19,0:51,1.03
2025/11/19,7:04,5.76
2025/11/19,12:55,2.58
2025/11/19,18:32,6.33
2025/11/20,1:23,0.79
2025/11/20,7:38,5.84
2025/11/20,13:27,2.69
2025/11/20,19:01,6.4
2025/11/21,1:54,0.7
2025/11/21,8:10,5.85
2025/11/21,13:56,2.85
2025/11/21,19:30,6.44
2025/11/22,2:25,0.73
2025/11/22,8:43,5.79
2025/11/22,14:23,3.06
2025/11/22,20:00,6.43
2025/11/23,2:56,0.87
2025/11/23,9:17,5.68
2025/11/23,14:49,3.28
2025/11/23,20:31,6.37
2025/11/24,3:29,1.07
2025/11/24,9:54,5.54
2025/11/24,15:16,3.49
2025/11/24,21:05,6.26
2025/11/25,4:06,1.29
2025/11/25,10:36,5.41
2025/11/25,15:51,3.67
2025/11/25,21:45,6.09
2025/11/26,4:48,1.53
2025/11/26,11:24,5.32
2025/11/26,16:39,3.78
2025/11/26,22:32,5.85
2025/11/27,5:37,1.76
2025/11/27,12:17,5.29
2025/11/27,17:50,3.78
2025/11/27,23:32,5.56
2025/11/28,6:35,1.98
2025/11/28,13:13,5.35
2025/11/28,19:20,3.55
2025/11/29,0:45,5.29
2025/11/29,7:40,2.17
2025/11/29,14:09,5.48
2025/11/29,20:44,3.05
2025/11/30,2:10,5.12
2025/11/30,8:49,2.33
2025/11/30,15:03,5.67
2025/11/30,21:53,2.35
2025/12/01,3:35,5.15
2025/12/01,9:55,2.45
2025/12/01,15:54,5.92
2025/12/01,22:51,1.56
2025/12/02,4:53,5.35
2025/12/02,10:55,2.52
2025/12/02,16:43,6.2
2025/12/02,23:43,0.78
2025/12/03,5:58,5.62
2025/12/03,11:48,2.56
2025/12/03,17:30,6.5
2025/12/04,0:31,0.14
2025/12/04,6:54,5.85
2025/12/04,12:37,2.61
2025/12/04,18:15,6.76
2025/12/05,1:18,-0.28
2025/12/05,7:44,5.97
2025/12/05,13:22,2.69
2025/12/05,18:59,6.94
2025/12/06,2:04,-0.44
2025/12/06,8:32,5.97
2025/12/06,14:06,2.8
2025/12/06,19:44,6.99
2025/12/07,2:50,-0.33
2025/12/07,9:18,5.87
2025/12/07,14:50,2.94
2025/12/07,20:28,6.89
2025/12/08,3:37,0
2025/12/08,10:05,5.7
2025/12/08,15:37,3.1
2025/12/08,21:15,6.63
2025/12/09,4:26,0.47
2025/12/09,10:53,5.54
2025/12/09,16:30,3.24
2025/12/09,22:05,6.24
2025/12/10,5:16,1.01
2025/12/10,11:43,5.41
2025/12/10,17:33,3.3
2025/12/10,23:00,5.78
2025/12/11,6:09,1.54
2025/12/11,12:34,5.34
2025/12/11,18:44,3.23
2025/12/12,0:02,5.3
2025/12/12,7:05,2
2025/12/12,13:25,5.32
2025/12/12,19:58,2.98
2025/12/13,1:15,4.9
2025/12/13,8:03,2.38
2025/12/13,14:15,5.33
2025/12/13,21:07,2.6
2025/12/14,2:38,4.64
2025/12/14,9:03,2.66
2025/12/14,15:03,5.36
2025/12/14,22:08,2.15
2025/12/15,4:04,4.58
2025/12/15,10:03,2.82
2025/12/15,15:51,5.4
2025/12/15,23:01,1.67
2025/12/16,5:16,4.68
2025/12/16,10:59,2.87
2025/12/16,16:37,5.48
2025/12/16,23:47,1.22
2025/12/17,6:11,4.85
2025/12/17,11:49,2.85
2025/12/17,17:20,5.59
2025/12/18,0:29,0.84
2025/12/18,6:55,5.03
2025/12/18,12:32,2.8
2025/12/18,18:00,5.73
2025/12/19,1:07,0.57
2025/12/19,7:32,5.19
2025/12/19,13:10,2.77
2025/12/19,18:37,5.88
2025/12/20,1:42,0.41
2025/12/20,8:05,5.3
2025/12/20,13:44,2.79
2025/12/20,19:13,6.02
2025/12/21,2:16,0.36
2025/12/21,8:37,5.38
2025/12/21,14:15,2.84
2025/12/21,19:47,6.13
2025/12/22,2:49,0.42
2025/12/22,9:10,5.42
2025/12/22,14:45,2.92
2025/12/22,20:22,6.18
2025/12/23,3:21,0.54
2025/12/23,9:44,5.44
2025/12/23,15:17,2.99
2025/12/23,20:58,6.15
2025/12/24,3:55,0.72
2025/12/24,10:19,5.46
2025/12/24,15:54,3.02
2025/12/24,21:38,6.03
2025/12/25,4:30,0.95
2025/12/25,10:57,5.49
2025/12/25,16:39,2.97
2025/12/25,22:24,5.8
2025/12/26,5:09,1.24
2025/12/26,11:37,5.52
2025/12/26,17:33,2.82
2025/12/26,23:18,5.49
2025/12/27,5:52,1.58
2025/12/27,12:21,5.54
2025/12/27,18:37,2.56
2025/12/28,0:22,5.12
2025/12/28,6:42,1.97
2025/12/28,13:08,5.56
2025/12/28,19:51,2.17
2025/12/29,1:37,4.78
2025/12/29,7:43,2.37
2025/12/29,14:00,5.58
2025/12/29,21:08,1.65
2025/12/30,3:06,4.58
2025/12/30,8:58,2.71
2025/12/30,14:58,5.62
2025/12/30,22:20,1.04
2025/12/31,4:38,4.63
2025/12/31,10:18,2.88
2025/12/31,16:00,5.74
2025/12/31,23:25,0.41